Rk,Player,Pos,Age,Tm,G,MP,PER,TS%,3PAr,FTr,ORB%,DRB%,TRB%,AST%,STL%,BLK%,TOV%,USG%,,OWS,DWS,WS,WS/48,,OBPM,DBPM,BPM,VORP
1,Precious Achiuwa\achiupr01,PF,21,MIA,57,686,13.9,.547,.000,.495,11.8,20.6,16.3,6.2,1.3,4.0,13.9,19.3,,0.2,1.0,1.2,.085,,-3.6,-0.8,-4.4,-0.4
2,Jaylen Adams\adamsja01,PG,24,MIL,7,18,-6.5,.125,.250,.000,0.0,16.9,8.8,12.8,0.0,0.0,0.0,18.7,,-0.1,0.0,-0.1,-0.249,,-14.9,-5.0,-19.8,-0.1
3,Steven Adams\adamsst01,C,27,NOP,57,1581,15.4,.601,.010,.436,14.8,20.3,17.6,9.0,1.6,2.2,17.7,11.8,,2.4,1.6,4.0,.120,,-0.2,-0.5,-0.7,0.5
4,Bam Adebayo\adebaba01,C,23,MIA,58,1944,23.0,.626,.011,.446,7.9,22.6,15.4,27.0,1.7,3.3,14.9,24.0,,5.1,3.0,8.1,.200,,3.0,1.9,4.9,3.4
5,LaMarcus Aldridge\aldrila01,C,35,TOT,26,674,15.7,.556,.270,.159,3.0,15.8,9.4,11.0,0.8,3.7,7.9,22.2,,0.5,0.7,1.2,.084,,-0.2,-0.4,-0.6,0.2
5,LaMarcus Aldridge\aldrila01,C,35,SAS,21,544,15.1,.545,.302,.149,3.3,15.3,9.2,10.2,0.7,2.8,7.0,22.8,,0.3,0.5,0.8,.072,,-0.2,-1.0,-1.2,0.1
5,LaMarcus Aldridge\aldrila01,C,35,BRK,5,130,18.2,.611,.104,.208,1.8,18.0,10.2,14.3,1.1,7.4,11.8,19.8,,0.2,0.2,0.4,.136,,-0.2,1.9,1.7,0.1
6,Ty-Shon Alexander\alexaty01,SG,22,PHO,11,34,-2.1,.253,.727,.182,3.4,13.0,8.3,7.1,0.0,2.7,14.4,18.2,,-0.2,0.0,-0.1,-0.178,,-9.4,-3.8,-13.2,-0.1
7,Nickeil Alexander-Walker\alexani01,SG,22,NOP,41,851,12.5,.524,.495,.138,1.3,14.8,8.1,13.7,2.3,2.3,12.4,22.7,,-0.2,0.9,0.7,.037,,-1.6,-0.1,-1.7,0.1
8,Grayson Allen\allengr01,SG,25,MEM,48,1227,13.0,.590,.660,.213,1.5,12.0,6.7,11.2,1.7,0.6,9.5,17.0,,1.5,1.2,2.6,.104,,-0.3,-0.1,-0.3,0.5
9,Jarrett Allen\allenja01,C,22,TOT,55,1613,21.1,.681,.033,.612,11.6,26.8,19.1,8.4,0.8,4.7,13.8,16.7,,4.2,1.9,6.2,.183,,1.9,-0.2,1.7,1.5
9,Jarrett Allen\allenja01,C,22,BRK,12,320,21.5,.730,.000,.938,13.8,28.9,21.7,8.3,1.1,5.2,19.3,15.5,,1.0,0.5,1.4,.215,,1.3,0.6,1.9,0.3
9,Jarrett Allen\allenja01,C,22,CLE,43,1293,21.0,.671,.040,.552,11.0,26.2,18.5,8.5,0.8,4.5,12.6,17.0,,3.3,1.5,4.7,.176,,2.0,-0.4,1.6,1.2
10,Al-Farouq Aminu\aminual01,PF,30,TOT,22,418,8.9,.470,.367,.194,5.1,21.8,13.2,10.5,2.1,2.0,20.8,13.9,,-0.4,0.5,0.1,.010,,-4.9,0.9,-4.0,-0.2
10,Al-Farouq Aminu\aminual01,PF,30,ORL,17,367,10.0,.482,.348,.191,5.5,21.0,12.9,11.3,2.3,2.3,20.6,14.3,,-0.3,0.5,0.1,.018,,-4.4,1.2,-3.3,-0.1
10,Al-Farouq Aminu\aminual01,PF,30,CHI,5,51,1.4,.354,.556,.222,2.2,28.1,15.3,4.7,0.9,0.0,23.3,10.9,,-0.1,0.1,-0.1,-0.054,,-8.6,-0.7,-9.3,-0.1
11,Kyle Anderson\anderky01,PF,27,MEM,61,1657,17.1,.570,.393,.274,3.1,20.3,11.5,17.7,2.2,2.7,10.3,18.6,,2.3,2.5,4.8,.139,,1.2,1.7,2.9,2.1
12,Giannis Antetokounmpo\antetgi01,PF,26,MIL,54,1787,29.4,.633,.199,.533,5.4,29.0,17.6,29.1,1.7,3.4,13.6,32.9,,6.0,3.1,9.2,.247,,6.3,2.8,9.1,5.0
13,Kostas Antetokounmpo\antetko01,PF,23,LAL,14,53,1.2,.382,.000,1.300,8.6,31.3,20.1,2.4,1.8,6.7,38.9,21.1,,-0.3,0.1,-0.2,-0.158,,-12.3,0.4,-12.0,-0.1
14,Thanasis Antetokounmpo\antetth01,SF,28,MIL,51,511,11.1,.540,.208,.315,11.5,13.5,12.6,10.6,1.8,1.7,21.7,15.5,,0.1,0.6,0.7,.069,,-3.2,-0.2,-3.4,-0.2
15,Carmelo Anthony\anthoca01,PF,36,POR,63,1558,14.8,.544,.411,.200,2.1,12.1,6.9,9.4,1.4,2.0,7.0,23.4,,1.5,0.7,2.2,.069,,0.0,-1.6,-1.6,0.2
16,Cole Anthony\anthoco01,PG,20,ORL,39,1065,12.5,.493,.312,.229,3.1,15.0,8.9,25.2,1.2,1.5,13.9,23.2,,-0.4,0.8,0.4,.017,,-1.7,-0.9,-2.6,-0.2
17,OG Anunoby\anunoog01,SF,23,TOR,43,1433,15.4,.605,.503,.197,4.0,14.5,9.1,10.0,2.2,2.2,11.7,19.3,,1.5,1.6,3.2,.106,,0.6,0.3,1.0,1.1
18,Ryan Arcidiacono\arcidry01,PG,26,CHI,39,412,8.8,.510,.563,.194,1.4,14.7,8.1,15.3,0.9,0.0,6.7,12.6,,0.3,0.3,0.6,.074,,-3.3,-0.1,-3.4,-0.2
19,Trevor Ariza\arizatr01,SF,35,MIA,24,655,11.6,.538,.604,.209,3.5,15.5,9.6,10.0,1.6,2.6,7.9,14.8,,0.4,0.8,1.2,.089,,-1.6,0.3,-1.3,0.1
20,D.J. Augustin\augusdj01,PG,33,TOT,51,981,11.7,.559,.626,.259,2.0,6.9,4.4,22.2,1.3,0.1,14.7,16.1,,1.3,0.6,1.9,.091,,-0.7,-1.2,-1.9,0.0
20,D.J. Augustin\augusdj01,PG,33,MIL,37,713,10.2,.542,.672,.208,1.7,5.5,3.7,18.7,1.3,0.1,14.0,14.3,,0.8,0.5,1.2,.084,,-1.0,-1.1,-2.1,0.0
20,D.J. Augustin\augusdj01,PG,33,HOU,14,268,15.6,.592,.532,.362,2.7,10.3,6.3,31.5,1.1,0.0,16.2,20.6,,0.5,0.1,0.6,.110,,-0.1,-1.5,-1.6,0.0
21,Deni Avdija\avdijde01,SF,20,WAS,54,1257,7.6,.515,.538,.144,1.9,20.2,11.1,6.4,1.2,1.0,9.0,12.1,,0.0,1.2,1.2,.047,,-3.6,-0.3,-3.9,-0.6
22,Deandre Ayton\aytonde01,C,22,PHO,64,1959,20.2,.646,.031,.252,12.5,26.5,19.6,6.9,0.9,3.3,11.9,18.6,,4.8,3.0,7.8,.192,,0.8,0.0,0.8,1.4
23,Udoka Azubuike\azubuud01,C,21,UTA,12,49,10.5,.622,.000,.857,9.0,18.6,14.0,0.0,1.0,6.6,23.7,11.1,,0.0,0.1,0.1,.111,,-5.5,1.2,-4.3,0.0
24,Dwayne Bacon\bacondw01,SG,25,ORL,64,1649,9.7,.495,.297,.234,1.4,11.0,6.0,7.4,1.2,0.2,5.6,19.4,,-0.3,0.9,0.6,.018,,-3.5,-1.5,-5.0,-1.3
25,Marvin Bagley III\baglema01,PF,21,SAC,39,1006,16.5,.557,.227,.259,10.5,21.7,16.0,5.8,1.0,1.6,9.9,23.3,,0.8,0.3,1.2,.056,,-0.4,-2.7,-3.2,-0.3
26,LaMelo Ball\ballla01,PG,19,CHO,43,1232,18.3,.557,.405,.236,4.7,17.8,11.2,34.0,2.8,1.4,17.1,25.7,,1.2,1.6,2.8,.109,,1.5,0.8,2.4,1.4
27,Lonzo Ball\balllo01,PG,23,NOP,50,1577,15.7,.558,.656,.090,2.0,14.1,8.1,25.9,2.3,1.7,14.3,20.2,,1.7,1.5,3.2,.098,,1.6,0.3,1.9,1.5
28,Mo Bamba\bambamo01,C,22,ORL,40,570,19.4,.572,.391,.181,10.2,27.2,18.4,7.4,0.9,7.4,10.1,21.7,,0.6,0.9,1.5,.123,,0.2,0.3,0.5,0.4
29,Desmond Bane\banede01,SG,22,MEM,59,1304,11.8,.598,.525,.101,2.2,12.7,7.4,10.1,1.2,0.8,10.3,16.0,,1.3,1.1,2.4,.090,,-1.1,-0.4,-1.4,0.2
30,Harrison Barnes\barneha02,PF,28,SAC,58,2102,15.5,.626,.399,.366,3.4,17.3,10.2,13.0,1.0,0.4,11.1,17.2,,4.1,0.2,4.3,.098,,1.4,-1.6,-0.2,1.0
31,RJ Barrett\barrerj01,SG,20,NYK,64,2225,13.7,.538,.277,.265,3.2,14.8,9.0,13.8,1.1,0.7,10.9,23.5,,1.0,2.7,3.8,.082,,-1.0,-0.5,-1.5,0.3
32,Will Barton\bartowi01,SF,30,DEN,56,1736,11.9,.538,.423,.199,2.6,12.2,7.4,14.0,1.4,1.3,12.7,19.1,,0.8,1.4,2.2,.062,,-0.8,-1.2,-2.0,0.0
33,Keita Bates-Diop\bateske01,SF,25,SAS,23,166,12.1,.505,.341,.386,3.8,16.2,9.9,7.2,2.6,1.5,5.5,14.3,,0.1,0.2,0.3,.087,,-2.8,1.4,-1.4,0.0
34,Nicolas Batum\batumni01,SF,32,LAC,61,1705,12.7,.613,.660,.142,3.2,15.7,9.6,10.6,1.9,1.7,11.2,11.8,,2.4,2.0,4.5,.126,,0.3,0.8,1.1,1.3
35,Aron Baynes\baynear01,C,34,TOR,50,912,9.8,.489,.331,.132,9.7,21.3,15.3,6.8,0.8,2.2,12.6,16.1,,-0.1,0.9,0.8,.042,,-3.8,-1.5,-5.2,-0.8
36,Kent Bazemore\bazemke01,SF,31,GSW,59,1094,11.0,.560,.469,.213,2.4,16.3,9.4,12.0,2.6,2.4,16.5,16.6,,-0.2,1.7,1.5,.065,,-2.8,1.4,-1.4,0.2
37,Darius Bazley\bazleda01,PF,20,OKC,49,1531,9.7,.496,.414,.236,3.0,21.7,12.3,8.3,0.8,1.4,13.8,21.4,,-1.9,1.3,-0.6,-0.019,,-3.1,-1.2,-4.3,-0.9
38,Bradley Beal\bealbr01,SG,27,WAS,55,1952,22.9,.594,.274,.331,3.5,10.5,7.0,22.0,1.5,0.8,10.9,34.3,,3.9,1.5,5.5,.134,,5.0,-1.6,3.3,2.6
39,Malik Beasley\beaslma01,SG,24,MIN,37,1214,14.7,.570,.535,.133,2.4,12.4,7.2,11.7,1.2,0.5,8.6,24.0,,0.9,0.4,1.3,.051,,1.7,-2.3,-0.6,0.4
40,Jordan Bell\belljo01,C,26,WAS,5,67,8.6,.350,.100,.000,9.5,20.5,15.1,9.6,2.1,3.8,13.0,14.3,,-0.1,0.1,0.0,-0.004,,-4.7,-0.8,-5.5,-0.1
41,DeAndre' Bembry\bembrde01,SF,26,TOR,44,773,10.8,.584,.202,.321,3.6,13.4,8.3,15.1,2.3,1.9,23.2,14.0,,0.1,0.8,0.9,.059,,-3.2,0.8,-2.4,-0.1
42,Dāvis Bertāns\bertada01,PF,28,WAS,49,1219,11.8,.623,.902,.239,1.5,11.3,6.4,4.5,1.1,0.9,5.8,15.9,,1.9,0.9,2.7,.107,,0.7,-1.3,-0.6,0.4
43,Patrick Beverley\beverpa01,PG,32,LAC,31,726,12.8,.598,.658,.216,4.3,12.7,8.6,11.8,1.8,2.9,11.5,14.3,,1.1,0.9,2.0,.134,,-0.3,0.9,0.6,0.5
44,Saddiq Bey\beysa01,SF,21,DET,62,1624,12.6,.570,.675,.219,2.4,16.1,9.2,7.7,1.4,0.6,7.3,18.3,,1.5,1.4,2.9,.086,,0.3,-0.9,-0.6,0.6
45,Tyler Bey\beyty01,SF,22,DAL,12,47,8.6,.417,.176,.294,11.8,18.5,15.2,2.9,0.0,2.0,5.0,19.0,,0.0,0.0,0.0,.009,,-4.4,-3.5,-7.9,-0.1
46,Khem Birch\birchkh01,C,28,TOT,60,1299,15.1,.548,.123,.372,12.2,15.2,13.7,8.3,1.6,3.1,8.8,12.8,,2.1,1.3,3.4,.125,,-1.0,-0.3,-1.3,0.2
46,Khem Birch\birchkh01,C,28,ORL,48,952,14.1,.517,.100,.407,12.4,14.3,13.3,8.0,1.6,2.7,8.5,12.2,,1.3,0.9,2.2,.111,,-1.6,-0.6,-2.2,0.0
46,Khem Birch\birchkh01,C,28,TOR,12,347,17.8,.621,.174,.293,11.7,17.7,14.6,9.0,1.5,4.0,9.6,14.3,,0.8,0.4,1.2,.163,,0.8,0.4,1.2,0.3
47,Goga Bitadze\bitadgo01,C,21,IND,37,419,18.1,.547,.366,.294,12.5,18.3,15.4,8.7,0.9,9.0,8.5,19.2,,0.6,0.6,1.3,.145,,-1.3,1.1,-0.2,0.2
48,Bismack Biyombo\biyombi01,C,28,CHO,58,1201,12.0,.570,.005,.468,10.9,17.0,13.9,8.4,0.7,5.5,18.5,11.5,,0.9,1.2,2.2,.086,,-3.0,-0.1,-3.1,-0.3
49,Nemanja Bjelica\bjeline01,PF,32,TOT,35,537,11.5,.537,.423,.269,5.1,19.4,12.2,15.1,1.0,0.7,13.7,18.3,,0.3,0.2,0.5,.042,,-2.2,-1.4,-3.6,-0.2
49,Nemanja Bjelica\bjeline01,PF,32,SAC,26,439,12.8,.555,.387,.280,6.0,19.7,12.7,15.3,0.9,0.4,14.3,19.3,,0.4,0.1,0.4,.046,,-1.3,-1.7,-3.0,-0.1
49,Nemanja Bjelica\bjeline01,PF,32,MIA,9,98,5.9,.423,.640,.200,1.2,18.2,9.8,14.4,1.5,2.1,9.9,13.9,,-0.1,0.1,0.0,.021,,-6.6,-0.1,-6.7,-0.1
50,Eric Bledsoe\bledser01,SG,31,NOP,63,1878,11.2,.534,.506,.252,1.5,10.8,6.2,16.5,1.2,1.0,12.5,18.1,,1.0,1.0,2.0,.050,,-1.2,-1.5,-2.7,-0.3
51,Keljin Blevins\blevike01,SF,25,POR,13,63,-0.9,.278,.389,.000,3.3,7.0,5.1,8.1,1.5,0.0,14.3,14.3,,-0.2,0.0,-0.2,-0.133,,-8.9,-3.0,-11.9,-0.2
52,Bogdan Bogdanović\bogdabo01,SG,28,ATL,38,1108,15.9,.589,.577,.078,1.8,12.3,7.1,17.6,1.6,0.8,9.1,21.2,,1.8,0.8,2.6,.113,,2.3,0.1,2.4,1.2
53,Bojan Bogdanović\bogdabo02,SF,31,UTA,64,1958,13.3,.578,.520,.287,1.9,10.9,6.6,9.1,0.9,0.2,10.3,21.9,,2.3,2.1,4.4,.107,,-0.2,-0.9,-1.0,0.5
54,Bol Bol\bolbo01,PF,21,DEN,28,131,13.4,.621,.426,.298,0.0,16.4,8.2,7.5,1.1,7.4,19.6,22.1,,-0.1,0.2,0.1,.044,,-1.8,0.6,-1.2,0.0
55,Marques Bolden\boldema01,C,22,CLE,6,29,13.3,.537,.000,2.667,11.4,11.9,11.6,0.0,3.4,6.2,23.5,12.8,,0.0,0.0,0.0,.066,,-3.4,0.6,-2.8,0.0
56,Jordan Bone\bonejo01,PG,23,ORL,14,196,8.9,.519,.593,.000,2.1,11.1,6.4,13.5,0.5,0.0,5.3,12.6,,0.1,0.1,0.2,.049,,-2.6,-1.6,-4.2,-0.1
57,Isaac Bonga\bongais01,SF,21,WAS,39,426,4.2,.467,.575,.100,4.5,11.9,8.2,6.4,1.2,1.6,20.1,10.2,,-0.3,0.3,0.0,.003,,-5.5,-0.8,-6.3,-0.5
58,Devin Booker\bookede01,SG,24,PHO,60,2028,19.4,.587,.291,.293,1.5,12.1,6.9,21.4,1.2,0.7,12.7,32.9,,2.5,2.0,4.5,.107,,1.5,-1.2,0.2,1.1
59,Chris Boucher\bouchch01,C,28,TOR,59,1415,22.2,.639,.415,.345,8.8,22.5,15.4,7.1,1.2,7.8,6.8,20.6,,4.0,2.1,6.1,.208,,2.8,0.2,3.1,1.8
60,Brian Bowen\bowenbr02,SF,22,IND,6,15,1.1,.338,.250,.250,0.0,21.6,10.8,0.0,0.0,0.0,0.0,12.6,,0.0,0.0,0.0,-0.062,,-8.2,-3.3,-11.5,0.0
61,Avery Bradley\bradlav01,SG,30,TOT,26,577,6.7,.498,.594,.091,1.3,9.0,5.1,10.7,1.7,0.6,13.2,14.9,,-0.4,0.4,0.0,.003,,-4.6,-0.7,-5.2,-0.5
61,Avery Bradley\bradlav01,SG,30,MIA,10,211,10.4,.607,.576,.136,1.1,8.4,4.8,10.1,1.7,0.5,11.4,16.9,,0.1,0.2,0.3,.074,,-2.7,-0.6,-3.2,-0.1
61,Avery Bradley\bradlav01,SG,30,HOU,16,366,4.6,.423,.606,.061,1.4,9.4,5.2,11.0,1.7,0.7,14.3,13.8,,-0.5,0.2,-0.3,-0.038,,-5.7,-0.7,-6.4,-0.4
62,Tony Bradley\bradlto01,C,23,TOT,38,615,21.0,.674,.017,.287,14.1,23.6,18.9,8.1,1.2,4.0,13.0,16.0,,1.6,0.9,2.5,.196,,1.2,0.2,1.3,0.5
62,Tony Bradley\bradlto01,C,23,PHI,20,287,21.1,.683,.013,.147,15.2,24.5,19.9,8.8,1.0,4.0,7.0,12.8,,1.0,0.5,1.5,.244,,2.1,1.0,3.1,0.4
62,Tony Bradley\bradlto01,C,23,OKC,18,328,20.8,.667,.019,.388,13.2,22.7,17.9,7.6,1.3,4.0,16.6,18.7,,0.6,0.4,1.0,.153,,0.4,-0.6,-0.2,0.1
63,Jarrell Brantley\brantja01,PF,24,UTA,23,116,16.0,.636,.575,.050,5.7,14.9,10.5,13.9,2.1,1.4,12.8,17.4,,0.2,0.2,0.4,.176,,-0.2,1.5,1.3,0.1
64,Ignas Brazdeikis\brazdig01,SF,22,TOT,5,15,-1.2,.205,.250,.500,7.3,21.7,14.6,8.1,0.0,0.0,17.0,17.1,,-0.1,0.0,0.0,-0.157,,-11.5,-3.1,-14.6,0.0
64,Ignas Brazdeikis\brazdig01,SF,22,NYK,4,7,11.2,.532,.000,2.000,15.7,15.5,15.6,17.4,0.0,0.0,34.7,18.2,,0.0,0.0,0.0,.039,,-2.9,-1.9,-4.8,0.0
64,Ignas Brazdeikis\brazdig01,SF,22,PHI,1,8,-12.0,.000,.333,.000,0.0,27.1,13.8,0.0,0.0,0.0,0.0,16.1,,-0.1,0.0,-0.1,-0.328,,-18.9,-4.2,-23.2,0.0
65,Mikal Bridges\bridgmi01,SF,24,PHO,64,2094,15.9,.653,.477,.194,3.8,11.0,7.5,9.0,1.5,2.4,7.3,14.9,,4.5,2.5,7.0,.160,,1.9,0.8,2.7,2.5
66,Miles Bridges\bridgmi02,PF,22,CHO,64,1858,14.6,.628,.461,.187,4.6,18.3,11.4,11.4,1.1,2.6,14.0,17.1,,2.3,1.8,4.1,.107,,0.1,0.0,0.0,0.9
67,Amida Brimah\brimaam01,C,26,IND,4,27,18.3,.697,.000,.375,4.0,24.0,14.1,5.3,0.0,15.1,24.4,19.5,,0.0,0.1,0.1,.110,,-4.5,2.5,-2.1,0.0
68,Oshae Brissett\brissos01,SF,22,IND,12,276,19.1,.660,.532,.430,6.7,21.2,14.0,4.9,1.4,5.0,5.1,15.3,,0.7,0.4,1.1,.189,,1.6,0.0,1.6,0.3
69,Malcolm Brogdon\brogdma01,PG,28,IND,56,1930,18.1,.561,.382,.181,3.3,13.2,8.3,26.1,1.2,0.6,9.8,26.0,,3.0,1.4,4.4,.108,,2.9,-1.4,1.5,1.7
70,Armoni Brooks\brookar01,SG,22,HOU,13,291,5.6,.474,.854,.073,2.1,14.9,8.2,7.4,0.7,0.6,12.4,16.5,,-0.4,0.1,-0.2,-0.035,,-3.9,-2.3,-6.2,-0.3
71,Dillon Brooks\brookdi01,SF,25,MEM,59,1733,12.0,.517,.362,.183,2.8,7.8,5.3,11.6,1.9,1.2,10.3,26.1,,-0.5,1.6,1.1,.031,,-2.7,-1.3,-4.0,-0.9
72,Bruce Brown\brownbr01,PG,24,BRK,58,1278,15.6,.597,.148,.285,8.8,16.7,12.9,9.6,2.0,1.4,10.7,15.9,,2.3,1.3,3.6,.136,,-0.7,0.0,-0.7,0.4
73,Charlie Brown\brownch02,SG,23,OKC,3,48,4.1,.377,.579,.105,2.2,13.1,7.6,5.9,3.0,1.8,13.1,20.2,,-0.2,0.1,-0.1,-0.095,,-8.1,0.2,-7.9,-0.1
74,Jaylen Brown\brownja02,SG,24,BOS,58,1999,20.0,.586,.370,.225,3.9,15.5,9.7,16.6,1.8,1.5,11.5,29.7,,3.0,2.0,5.0,.119,,3.5,-1.0,2.5,2.3
75,Moses Brown\brownmo01,C,21,OKC,36,732,18.7,.584,.000,.488,16.9,26.2,21.5,1.5,1.6,4.1,12.7,17.4,,1.1,1.0,2.1,.138,,-1.2,-1.4,-2.6,-0.1
76,Sterling Brown\brownst02,SG,25,HOU,51,1229,11.2,.597,.642,.093,3.2,16.8,9.7,8.5,1.5,0.9,10.5,13.5,,1.0,0.9,2.0,.077,,-1.7,0.0,-1.7,0.1
77,Troy Brown Jr.\browntr01,SF,21,TOT,34,524,8.6,.525,.486,.146,4.2,17.5,10.9,7.3,0.9,1.0,12.1,14.0,,0.0,0.4,0.5,.042,,-3.3,-1.0,-4.3,-0.3
77,Troy Brown Jr.\browntr01,SF,21,WAS,21,287,6.4,.471,.517,.169,4.1,18.4,11.3,8.6,0.5,1.2,14.3,16.2,,-0.3,0.2,-0.1,-0.009,,-3.7,-2.0,-5.7,-0.3
77,Troy Brown Jr.\browntr01,SF,21,CHI,13,237,11.2,.616,.436,.109,4.3,16.3,10.4,5.6,1.4,0.7,8.0,11.4,,0.3,0.2,0.5,.104,,-2.7,0.2,-2.5,0.0
78,Jalen Brunson\brunsja01,PG,24,DAL,60,1513,16.7,.611,.316,.250,2.0,13.3,7.7,20.6,1.0,0.0,10.5,20.0,,3.3,1.0,4.3,.136,,1.2,-1.0,0.2,0.8
79,Thomas Bryant\bryanth01,C,23,WAS,10,271,18.8,.704,.231,.264,7.1,16.8,12.0,8.3,0.7,2.5,9.8,17.3,,0.7,0.2,1.0,.172,,2.1,-1.7,0.4,0.2
80,Reggie Bullock\bullore01,SF,29,NYK,57,1649,11.1,.607,.706,.088,0.9,11.7,6.3,7.4,1.3,0.5,7.3,14.3,,2.0,1.9,3.9,.114,,-0.8,0.6,-0.2,0.8
81,Trey Burke\burketr01,PG,28,DAL,54,807,13.4,.561,.463,.158,0.8,5.4,3.1,13.7,2.1,0.6,8.3,19.9,,0.8,0.6,1.4,.084,,-0.8,-0.3,-1.1,0.2
82,Alec Burks\burksal01,SG,29,NYK,44,1134,14.6,.561,.491,.250,1.8,17.1,9.5,12.9,1.3,1.0,8.2,21.0,,1.4,1.6,3.0,.126,,0.5,0.3,0.8,0.8
83,Jimmy Butler\butleji01,SF,31,MIA,48,1622,26.4,.601,.135,.557,6.2,17.1,11.7,35.9,3.1,1.2,10.5,26.7,,5.9,2.6,8.5,.253,,4.9,2.5,7.4,3.9
84,Bruno Caboclo\cabocbr01,PF,25,HOU,6,36,9.1,.475,.294,.118,8.5,33.9,20.7,4.7,0.0,5.0,18.3,25.9,,-0.1,0.0,-0.1,-0.082,,-8.5,-2.1,-10.6,-0.1
85,Devontae Cacok\cacokde01,PF,24,LAL,18,90,18.5,.614,.000,.333,12.6,24.6,18.7,1.7,2.7,4.0,13.9,17.4,,0.1,0.2,0.3,.158,,-0.9,1.5,0.6,0.1
86,Kentavious Caldwell-Pope\caldwke01,SG,27,LAL,59,1640,10.3,.582,.572,.200,1.6,8.7,5.2,8.4,1.6,1.1,10.6,14.3,,1.2,2.2,3.4,.100,,-1.7,0.3,-1.4,0.3
87,Facundo Campazzo\campafa01,PG,29,DEN,58,1204,11.1,.572,.698,.283,1.7,7.9,4.8,19.4,2.5,1.0,17.6,12.8,,1.4,1.2,2.6,.102,,-1.9,0.7,-1.3,0.2
88,Vlatko Čančar\cancavl01,PF,23,DEN,35,187,8.7,.537,.523,.182,3.7,18.1,10.9,6.7,2.4,1.0,20.2,13.9,,-0.1,0.2,0.1,.036,,-3.4,0.6,-2.8,0.0
89,Devin Cannady\cannade01,PG,24,ORL,8,74,11.3,.547,.571,.250,0.0,7.3,3.5,2.1,3.3,1.2,6.0,19.4,,0.0,0.1,0.1,.061,,-4.4,1.3,-3.1,0.0
90,Clint Capela\capelca01,C,26,ATL,57,1720,24.7,.598,.000,.324,17.8,34.7,26.4,4.4,1.1,6.1,8.2,20.2,,4.5,3.0,7.4,.208,,2.9,-0.1,2.8,2.1
91,Vernon Carey Jr.\careyve01,C,19,CHO,16,100,11.8,.586,.226,.290,4.3,20.9,12.5,3.0,0.5,4.0,12.5,17.3,,0.0,0.1,0.1,.068,,-4.3,-1.6,-5.9,-0.1
92,Jevon Carter\carteje01,PG,25,PHO,52,598,11.9,.541,.707,.033,2.5,11.9,7.3,13.2,2.1,1.4,6.5,14.8,,0.6,0.8,1.3,.108,,-0.7,1.6,0.9,0.4
93,Wendell Carter Jr.\cartewe01,C,21,TOT,50,1276,17.1,.577,.106,.404,10.1,24.5,17.3,11.3,1.3,2.7,13.1,19.5,,1.7,1.6,3.3,.124,,-0.8,-0.4,-1.2,0.2
93,Wendell Carter Jr.\cartewe01,C,21,CHI,32,792,16.3,.578,.087,.440,10.0,25.1,17.6,12.2,1.1,2.6,14.0,19.1,,1.1,1.0,2.1,.126,,-1.3,-0.1,-1.4,0.1
93,Wendell Carter Jr.\cartewe01,C,21,ORL,18,484,18.5,.575,.135,.351,10.4,23.5,16.7,9.8,1.6,2.9,11.6,20.0,,0.6,0.6,1.2,.122,,-0.1,-0.9,-0.9,0.1
94,Michael Carter-Williams\cartemi01,SG,29,ORL,31,800,9.5,.449,.226,.296,4.9,13.5,9.1,24.2,1.5,2.0,18.4,20.2,,-1.1,0.7,-0.4,-0.024,,-4.5,-0.1,-4.6,-0.5
95,Alex Caruso\carusal01,PG,26,LAL,52,1067,10.8,.547,.476,.258,2.9,12.8,7.9,16.8,2.6,1.1,18.3,14.0,,0.3,1.9,2.2,.097,,-2.6,2.3,-0.3,0.5
96,Willie Cauley-Stein\caulewi01,C,27,DAL,45,776,14.5,.643,.063,.456,8.2,19.7,14.0,5.2,1.1,4.3,10.8,12.1,,1.4,1.0,2.4,.149,,-2.0,0.5,-1.5,0.1
97,Chris Chiozza\chiozch01,PG,25,BRK,22,232,12.9,.461,.477,.193,1.5,9.6,5.7,36.9,1.5,2.3,14.4,20.9,,0.1,0.2,0.3,.063,,-0.7,-0.9,-1.6,0.0
98,Marquese Chriss\chrisma01,PF,23,GSW,2,27,11.9,.412,.357,.286,11.9,39.1,25.6,11.1,0.0,6.6,11.3,28.1,,-0.1,0.1,0.0,-0.033,,-2.2,-1.0,-3.2,0.0
99,Gary Clark\clarkga01,SF,26,TOT,37,641,6.1,.439,.824,.076,5.2,13.5,9.2,6.4,0.9,1.0,11.2,10.3,,-0.2,0.4,0.1,.011,,-3.9,-0.9,-4.8,-0.5
99,Gary Clark\clarkga01,SF,26,ORL,35,637,6.1,.439,.824,.076,5.2,13.4,9.2,6.4,0.9,1.0,11.2,10.4,,-0.2,0.4,0.1,.011,,-3.8,-0.9,-4.8,-0.4
99,Gary Clark\clarkga01,SF,26,DEN,2,4,2.9,,,,0.0,28.2,14.2,0.0,0.0,0.0,,0.0,,0.0,0.0,0.0,.037,,-8.5,0.3,-8.3,0.0
100,Brandon Clarke\clarkbr01,PF,24,MEM,52,1282,16.9,.560,.152,.219,6.3,17.4,11.8,9.8,2.0,3.1,5.9,17.2,,1.9,1.8,3.7,.137,,0.2,1.0,1.2,1.0
101,Jordan Clarkson\clarkjo01,SG,28,UTA,60,1570,16.2,.541,.567,.126,3.0,12.5,8.0,14.4,1.6,0.5,9.4,29.2,,1.0,2.1,3.1,.096,,1.5,-1.1,0.4,1.0
102,Nicolas Claxton\claxtni01,C,21,BRK,25,462,16.7,.585,.042,.383,8.8,20.5,14.9,7.9,2.0,5.7,9.1,14.5,,0.7,0.7,1.4,.146,,-0.6,1.1,0.5,0.3
103,Amir Coffey\coffeam01,SG,23,LAC,44,394,10.1,.585,.544,.369,2.9,9.5,6.3,7.4,1.3,0.0,11.1,15.1,,0.4,0.3,0.7,.082,,-2.1,-0.5,-2.6,-0.1
104,John Collins\collijo01,PF,23,ATL,56,1673,20.4,.634,.262,.251,7.4,20.3,13.9,7.5,0.9,3.0,8.6,22.2,,4.2,1.6,5.9,.168,,2.4,-0.4,2.0,1.7
105,Mike Conley\conlemi01,PG,33,UTA,49,1459,19.1,.590,.528,.218,2.7,9.3,6.1,30.3,2.2,0.5,12.6,23.1,,3.8,2.0,5.9,.192,,3.5,0.8,4.2,2.3
106,Pat Connaughton\connapa01,SG,28,MIL,61,1399,11.6,.588,.695,.103,4.5,16.7,10.8,6.4,1.5,1.3,7.5,11.6,,1.8,1.6,3.4,.116,,-0.2,0.2,0.0,0.7
107,Quinn Cook\cookqu01,PG,27,TOT,23,157,12.8,.531,.382,.118,1.4,10.9,6.1,18.2,1.3,0.6,8.9,21.8,,0.1,0.1,0.2,.064,,-1.2,-0.4,-1.5,0.0
107,Quinn Cook\cookqu01,PG,27,LAL,16,62,13.9,.585,.500,.192,0.0,8.9,4.5,12.5,0.8,1.4,9.6,21.9,,0.1,0.1,0.1,.099,,-0.3,-0.8,-1.1,0.0
107,Quinn Cook\cookqu01,PG,27,CLE,7,95,12.0,.496,.310,.071,2.3,12.2,7.1,21.9,1.6,0.0,8.5,21.8,,0.0,0.1,0.1,.041,,-1.7,-0.1,-1.8,0.0
108,Tyler Cook\cookty01,SF-PF,23,TOT,24,282,10.8,.605,.015,.318,8.6,15.9,12.2,6.9,0.9,0.0,17.5,14.1,,0.2,0.2,0.4,.062,,-3.6,-0.8,-4.4,-0.2
108,Tyler Cook\cookty01,PF,23,BRK,4,17,1.6,.333,.000,.000,6.8,6.3,6.5,14.1,0.0,0.0,25.0,10.2,,0.0,0.0,0.0,-0.047,,-5.3,-1.5,-6.8,0.0
108,Tyler Cook\cookty01,SF,23,DET,20,265,11.4,.616,.016,.333,8.7,16.6,12.6,6.4,0.9,0.0,17.2,14.3,,0.2,0.2,0.4,.069,,-3.5,-0.7,-4.3,-0.2
109,DeMarcus Cousins\couside01,C,30,TOT,35,637,15.7,.524,.474,.285,8.1,33.5,20.3,17.4,1.9,3.1,15.8,24.7,,-0.1,1.0,0.9,.068,,-1.4,1.6,0.1,0.3
109,DeMarcus Cousins\couside01,C,30,HOU,25,506,15.0,.511,.552,.281,6.0,35.3,20.1,18.1,2.0,3.2,14.2,23.1,,-0.1,0.8,0.7,.068,,-1.5,1.9,0.4,0.3
109,DeMarcus Cousins\couside01,C,30,LAC,10,131,18.5,.567,.219,.297,15.8,26.8,21.4,14.6,1.5,2.7,20.8,30.9,,0.0,0.2,0.2,.068,,-1.0,0.2,-0.8,0.0
110,Robert Covington\covinro01,PF,30,POR,62,1991,11.4,.559,.687,.125,2.8,20.2,11.2,6.9,2.2,3.4,11.4,11.7,,1.2,2.0,3.2,.078,,-1.4,1.2,-0.3,0.9
111,Torrey Craig\craigto01,SF,30,TOT,42,636,14.7,.589,.457,.104,8.0,19.4,13.8,7.9,1.8,3.3,10.0,13.8,,0.9,1.0,1.9,.144,,0.1,1.3,1.4,0.5
111,Torrey Craig\craigto01,SF,30,MIL,18,201,10.4,.480,.478,.043,7.1,15.1,11.2,9.5,2.1,3.1,9.6,10.8,,0.1,0.3,0.4,.101,,-1.9,1.0,-0.9,0.1
111,Torrey Craig\craigto01,SF,30,PHO,24,435,16.7,.627,.449,.126,8.4,21.4,15.0,7.2,1.7,3.3,10.1,15.2,,0.8,0.7,1.5,.164,,1.1,1.4,2.5,0.5
112,Jae Crowder\crowdja01,PF,30,PHO,55,1508,11.6,.567,.765,.150,2.3,17.3,9.9,10.2,1.4,1.4,9.9,15.6,,1.2,1.9,3.0,.097,,-0.1,0.7,0.6,1.0
113,Jarrett Culver\culveja01,SG,21,MIN,34,499,8.8,.476,.315,.286,7.1,15.8,11.3,6.9,1.6,1.6,12.9,18.3,,-0.4,0.3,-0.1,-0.008,,-4.8,-1.8,-6.6,-0.6
114,Seth Curry\curryse01,SG,30,PHI,51,1466,12.3,.591,.496,.143,0.8,7.6,4.2,13.4,1.3,0.5,10.2,17.2,,1.8,1.5,3.3,.108,,-0.4,-1.0,-1.4,0.2
115,Stephen Curry\curryst01,PG,32,GSW,56,1905,26.1,.658,.580,.293,1.4,15.8,8.6,30.6,1.6,0.3,12.4,34.0,,5.8,2.1,7.9,.199,,8.0,0.0,8.1,4.9
116,Nate Darling\darlina01,SG,22,CHO,6,24,8.9,.541,1.000,.429,4.5,0.0,2.3,5.6,0.0,4.2,10.7,16.8,,0.0,0.0,0.0,.042,,-0.9,-2.6,-3.6,0.0
117,Anthony Davis\davisan02,PF,27,LAL,29,930,22.5,.561,.168,.320,6.5,21.4,14.0,16.5,2.0,5.0,9.5,28.4,,1.1,2.0,3.1,.161,,3.2,1.7,4.9,1.6
118,Ed Davis\davised01,C,31,MIN,22,293,13.5,.487,.000,.273,16.4,25.7,20.9,9.3,2.1,3.9,12.4,8.1,,0.5,0.4,0.8,.135,,-3.4,0.7,-2.7,-0.1
119,Terence Davis\daviste02,SG,23,TOT,53,842,11.2,.547,.596,.096,1.8,13.5,7.5,10.9,1.7,1.2,12.2,20.9,,-0.2,0.5,0.4,.021,,-1.6,-1.3,-2.9,-0.2
119,Terence Davis\daviste02,SG,23,TOR,34,493,11.1,.537,.581,.086,1.9,13.1,7.4,11.5,1.7,1.4,11.7,21.7,,-0.1,0.4,0.3,.028,,-1.8,-1.3,-3.1,-0.1
119,Terence Davis\daviste02,SG,23,SAC,19,349,11.4,.562,.619,.112,1.6,14.0,7.7,9.9,1.8,1.0,13.0,19.9,,0.0,0.1,0.1,.012,,-1.4,-1.2,-2.6,-0.1
120,Gabriel Deck\deckga01,PF,25,OKC,3,57,14.8,.417,.261,.217,16.3,16.6,16.4,18.9,1.7,0.0,7.4,20.3,,0.0,0.0,0.1,.048,,-2.1,-0.2,-2.3,0.0
121,Dewayne Dedmon\dedmode01,C,31,MIA,10,133,29.1,.773,.068,.500,18.3,31.8,25.2,5.4,2.2,4.0,14.4,21.2,,0.6,0.3,0.8,.306,,3.0,0.9,3.9,0.2
122,Matthew Dellavedova\dellama01,PG,30,CLE,13,224,7.3,.312,.446,.071,2.9,9.3,6.0,34.9,0.9,0.4,9.4,12.4,,0.0,0.1,0.0,.008,,-4.6,-2.0,-6.6,-0.3
123,DeMar DeRozan\derozde01,PF,31,SAS,53,1817,22.2,.589,.091,.486,2.2,11.5,6.8,33.5,1.3,0.6,9.6,25.9,,5.5,1.4,6.9,.183,,3.7,-0.2,3.4,2.5
124,Mamadi Diakite\diakima01,PF,24,MIL,12,102,12.2,.490,.241,.207,6.4,20.9,13.9,7.3,1.8,4.4,8.7,14.3,,0.1,0.2,0.2,.103,,-3.2,0.7,-2.6,0.0
125,Hamidou Diallo\diallha01,SG-SF,22,TOT,48,1095,13.7,.531,.155,.430,5.3,18.2,11.7,13.9,1.7,1.7,12.5,21.9,,0.1,1.2,1.3,.057,,-2.6,-0.1,-2.7,-0.2
125,Hamidou Diallo\diallha01,SG,22,OKC,32,761,15.0,.536,.138,.444,5.0,17.6,11.3,16.4,1.9,1.4,12.1,22.5,,0.3,0.8,1.1,.068,,-2.1,0.4,-1.7,0.1
125,Hamidou Diallo\diallha01,SF,22,DET,16,334,11.0,.516,.200,.391,5.9,19.5,12.7,8.3,1.3,2.3,13.5,20.3,,-0.1,0.4,0.2,.033,,-3.9,-1.2,-5.1,-0.3
126,Gorgui Dieng\dienggo01,C,31,TOT,31,468,18.8,.695,.465,.457,7.4,20.0,13.6,10.4,2.1,2.9,15.0,16.3,,1.2,0.7,1.9,.191,,1.5,1.4,2.9,0.6
126,Gorgui Dieng\dienggo01,C,31,MEM,22,371,19.3,.682,.444,.398,7.9,20.3,14.0,10.6,2.2,3.4,14.8,17.0,,0.9,0.6,1.5,.191,,1.7,1.0,2.6,0.4
126,Gorgui Dieng\dienggo01,C,31,SAS,9,97,16.8,.762,.579,.789,5.4,18.9,12.0,9.7,2.0,0.9,16.3,13.8,,0.3,0.1,0.4,.192,,0.7,3.0,3.7,0.1
127,Spencer Dinwiddie\dinwisp01,SG,27,BRK,3,64,10.1,.536,.438,.375,0.0,21.6,11.3,17.6,1.5,1.4,21.2,16.0,,0.0,0.1,0.1,.045,,-3.4,2.0,-1.4,0.0
128,Donte DiVincenzo\divindo01,SG,24,MIL,59,1617,12.4,.528,.557,.107,4.8,16.2,10.7,14.0,1.9,0.7,12.8,16.7,,1.0,1.9,2.9,.087,,-0.6,0.2,-0.5,0.6
129,Luka Dončić\doncilu01,PG,21,DAL,58,2040,25.9,.593,.399,.351,2.6,22.2,12.5,45.1,1.4,1.5,15.1,35.9,,5.0,2.4,7.4,.174,,6.5,0.8,7.3,4.8
130,Luguentz Dort\dortlu01,SG,21,OKC,49,1469,10.5,.523,.516,.261,2.3,10.4,6.3,8.4,1.4,1.1,10.2,21.4,,-0.4,1.0,0.6,.019,,-2.5,-0.9,-3.4,-0.5
131,Damyean Dotson\dotsoda01,SG,26,CLE,39,740,8.4,.489,.531,.139,0.7,11.4,5.9,16.3,0.9,0.5,11.0,17.2,,-0.2,0.3,0.1,.006,,-3.1,-1.4,-4.5,-0.5
132,Devon Dotson\dotsode01,PG,21,CHI,7,23,16.6,.500,.125,.000,9.8,4.8,7.3,12.4,4.2,0.0,0.0,15.1,,0.0,0.0,0.1,.139,,-0.4,2.3,1.9,0.0
133,Sekou Doumbouya\doumbse01,PF,20,DET,50,701,5.6,.443,.437,.221,4.4,13.3,8.8,7.7,1.4,0.6,12.9,17.4,,-0.9,0.6,-0.4,-0.026,,-5.9,-1.9,-7.9,-1.0
134,PJ Dozier\doziepj01,SG,24,DEN,49,1067,10.7,.505,.421,.189,3.8,15.3,9.6,11.3,1.4,2.0,10.8,17.4,,0.2,1.0,1.2,.054,,-2.1,-0.7,-2.9,-0.2
135,Goran Dragić\dragigo01,PG,34,MIA,44,1173,12.9,.548,.432,.230,2.1,12.4,7.3,26.9,1.3,0.7,16.7,24.1,,0.1,1.1,1.2,.048,,-1.4,-1.6,-3.0,-0.3
136,Andre Drummond\drumman01,C,27,TOT,38,1049,20.1,.517,.016,.347,14.7,36.0,25.2,14.0,2.7,3.5,15.7,28.8,,-0.6,2.2,1.6,.074,,-1.1,0.6,-0.5,0.4
136,Andre Drummond\drumman01,C,27,CLE,25,722,20.6,.500,.021,.339,15.4,37.7,26.3,16.0,2.7,3.6,15.6,31.3,,-0.8,1.4,0.6,.042,,-0.5,0.2,-0.3,0.3
136,Andre Drummond\drumman01,C,27,LAL,13,327,19.2,.565,.000,.370,13.2,32.1,22.8,9.7,2.7,3.3,15.9,23.4,,0.2,0.8,1.0,.146,,-2.2,1.4,-0.9,0.1
137,Jared Dudley\dudleja01,PF,35,LAL,11,76,5.4,.429,.714,.000,6.0,21.8,14.0,8.1,0.6,1.2,22.2,5.1,,0.0,0.1,0.1,.078,,-3.8,0.2,-3.6,0.0
138,Kris Dunn\dunnkr01,PG,26,ATL,3,42,-5.3,.196,.182,.364,0.0,10.3,5.2,5.9,2.3,4.2,19.0,16.3,,-0.2,0.0,-0.2,-0.201,,-13.2,0.1,-13.1,-0.1
139,Kevin Durant\duranke01,PF,32,BRK,28,921,27.2,.678,.317,.389,1.4,20.7,11.5,26.4,1.0,3.2,14.7,32.1,,3.1,0.9,4.0,.209,,6.7,0.5,7.2,2.1
140,Anthony Edwards\edwaran01,SG,19,MIN,65,2060,12.8,.506,.426,.216,2.7,13.5,7.9,13.9,1.7,1.2,10.7,27.2,,-1.4,1.2,-0.2,-0.006,,-1.5,-1.9,-3.4,-0.7
141,Carsen Edwards\edwarca01,SG,22,BOS,25,212,11.6,.545,.535,.105,1.6,10.1,5.8,7.7,1.2,0.4,4.3,19.1,,0.2,0.1,0.3,.075,,-2.7,-1.7,-4.4,-0.1
142,CJ Elleby\ellebcj01,SF,20,POR,24,168,8.6,.470,.554,.232,6.2,10.5,8.3,4.9,1.7,1.6,7.5,17.1,,0.0,0.1,0.1,.020,,-4.4,-1.6,-6.0,-0.2
143,Henry Ellenson\ellenhe01,PF,24,TOR,2,38,12.8,.476,.643,.286,8.4,26.9,17.4,18.9,0.0,0.0,0.0,17.9,,0.1,0.0,0.1,.130,,-3.1,1.0,-2.1,0.0
144,Wayne Ellington\ellinwa01,SG,33,DET,44,962,12.5,.629,.812,.110,1.4,8.2,4.7,10.1,0.9,0.8,8.0,16.5,,1.4,0.5,1.9,.095,,1.4,-1.6,-0.3,0.4
145,Joel Embiid\embiijo01,C,26,PHI,45,1424,30.8,.635,.172,.612,8.0,29.1,18.7,16.7,1.6,3.9,11.9,35.5,,5.2,2.8,8.1,.273,,6.6,1.1,7.7,3.5
146,James Ennis\ennisja01,SF,30,ORL,41,986,12.6,.613,.428,.358,4.4,13.5,8.8,9.2,1.6,0.7,11.3,13.9,,1.3,0.7,2.1,.101,,-1.9,-0.2,-2.1,0.0
147,Drew Eubanks\eubandr01,C,23,SAS,45,626,17.6,.619,.006,.524,9.2,23.4,16.2,8.2,1.3,5.8,16.0,17.0,,0.8,1.0,1.9,.143,,-1.4,1.6,0.2,0.4
148,Dante Exum\exumda01,SG,25,CLE,6,116,6.0,.428,.423,.077,1.9,14.9,8.2,15.6,1.7,1.6,20.7,12.8,,-0.1,0.1,-0.1,-0.021,,-4.8,1.7,-3.1,0.0
149,Tacko Fall\fallta01,C,25,BOS,15,100,20.4,.673,.000,.542,12.2,30.3,21.2,3.0,0.5,11.3,11.9,14.5,,0.2,0.2,0.4,.182,,-0.8,1.8,1.0,0.1
150,Derrick Favors\favorde01,C,29,UTA,60,921,19.9,.661,.009,.339,15.1,22.7,19.1,6.5,1.6,5.3,11.9,13.3,,2.6,1.9,4.6,.238,,0.1,1.9,2.0,0.9
151,Cristiano Felício\feliccr01,C,28,CHI,14,59,12.2,.614,.143,1.429,11.5,15.0,13.2,16.8,1.6,0.0,26.0,11.3,,0.1,0.1,0.1,.118,,-1.8,0.8,-1.0,0.0
152,Terrance Ferguson\fergute01,SG,22,PHI,13,49,-7.1,.143,.714,.000,0.0,2.2,1.1,4.9,1.0,0.0,36.4,9.6,,-0.2,0.0,-0.2,-0.159,,-12.1,-2.7,-14.8,-0.2
153,Bruno Fernando\fernabr01,C,22,ATL,30,198,5.0,.467,.061,.606,8.4,29.0,18.8,5.9,0.5,1.3,32.4,13.6,,-0.4,0.2,-0.2,-0.037,,-6.2,-1.2,-7.4,-0.3
154,Yogi Ferrell\ferreyo01,PG,27,TOT,5,69,17.5,.497,.484,.161,4.8,8.3,6.5,31.7,2.9,1.3,8.3,23.0,,0.1,0.1,0.2,.124,,2.2,0.7,2.8,0.1
154,Yogi Ferrell\ferreyo01,PG,27,CLE,2,40,12.4,.434,.429,.095,8.2,11.5,9.9,20.7,3.7,2.3,12.1,27.2,,-0.1,0.1,0.0,-0.031,,-1.9,0.4,-1.5,0.0
154,Yogi Ferrell\ferreyo01,PG,27,LAC,3,29,24.4,.618,.600,.300,0.0,3.8,1.9,46.9,1.7,0.0,0.0,17.3,,0.2,0.0,0.2,.337,,7.7,1.1,8.8,0.1
155,Dorian Finney-Smith\finnedo01,PF,27,DAL,52,1689,12.0,.604,.655,.086,5.9,12.9,9.5,6.8,1.4,1.2,8.3,12.0,,2.5,1.5,4.0,.112,,0.2,0.0,0.2,0.9
156,Malik Fitts\fittsma01,PF,23,LAC,3,11,2.9,.500,.667,.000,0.0,29.9,15.3,0.0,0.0,0.0,0.0,12.1,,0.0,0.0,0.0,.046,,-9.6,-0.6,-10.2,0.0
157,Malachi Flynn\flynnma01,PG,22,TOR,40,719,10.2,.478,.490,.162,1.2,12.6,6.7,21.6,2.0,0.7,12.0,18.1,,-0.1,0.6,0.6,.037,,-3.3,0.1,-3.2,-0.2
158,Bryn Forbes\forbebr01,SG,27,MIL,63,1218,12.6,.621,.641,.115,1.0,7.5,4.4,4.2,0.9,0.0,6.8,18.6,,1.7,0.7,2.4,.095,,0.3,-1.9,-1.6,0.1
159,Trent Forrest\forretr01,PG,22,UTA,22,160,8.8,.520,.313,.188,0.0,8.2,4.3,26.1,1.2,1.5,25.7,12.6,,0.1,0.2,0.2,.073,,-4.0,0.4,-3.6,-0.1
160,Evan Fournier\fournev01,SF-SG,28,TOT,36,1065,15.8,.587,.526,.289,0.7,10.1,5.2,17.8,1.9,1.2,11.6,23.5,,1.1,0.8,2.0,.089,,0.6,-0.5,0.1,0.6
160,Evan Fournier\fournev01,SF,28,ORL,26,787,18.3,.604,.509,.333,0.6,9.6,5.0,20.8,1.7,1.1,11.3,26.2,,1.2,0.5,1.8,.109,,2.1,-0.8,1.3,0.6
160,Evan Fournier\fournev01,SG,28,BOS,10,278,8.6,.508,.600,.094,0.8,11.3,6.0,9.2,2.5,1.7,12.8,15.7,,-0.1,0.3,0.2,.035,,-3.8,0.5,-3.3,-0.1
161,De'Aaron Fox\foxde01,PG,23,SAC,58,2036,20.8,.565,.288,.376,1.8,9.5,5.6,32.6,2.1,1.1,11.9,31.0,,3.6,0.4,4.0,.095,,2.9,-1.5,1.4,1.7
162,Robert Franks\frankro01,PF,24,ORL,7,101,16.5,.638,.536,.464,6.0,8.6,7.2,7.4,1.4,2.7,5.6,15.3,,0.3,0.1,0.3,.162,,0.4,-0.7,-0.3,0.0
163,Tim Frazier\fraziti01,PG,30,MEM,3,33,0.3,.250,.250,.000,0.0,13.1,6.4,25.7,1.4,0.0,27.3,14.1,,-0.1,0.0,-0.1,-0.114,,-10.9,-2.6,-13.6,-0.1
164,Markelle Fultz\fultzma01,PG,22,ORL,8,215,12.1,.458,.154,.183,2.3,10.1,6.1,33.0,1.8,0.9,13.8,26.2,,-0.2,0.2,-0.1,-0.020,,-2.9,-1.7,-4.6,-0.1
165,Wenyen Gabriel\gabriwe01,PF,23,NOP,14,103,6.1,.478,.455,.318,8.6,14.8,11.7,9.7,1.9,2.8,30.5,14.8,,-0.2,0.1,-0.1,-0.028,,-5.2,-0.2,-5.4,-0.1
166,Daniel Gafford\gaffoda01,PF-C,22,TOT,46,661,21.7,.691,.000,.473,13.0,19.1,16.1,5.0,1.6,8.1,13.6,16.5,,1.6,1.1,2.7,.199,,0.7,1.6,2.3,0.7
166,Daniel Gafford\gaffoda01,PF,22,CHI,31,383,18.8,.700,.000,.471,13.0,17.0,15.0,6.2,1.4,7.7,17.3,14.4,,0.8,0.6,1.4,.179,,-0.9,1.4,0.5,0.2
166,Daniel Gafford\gaffoda01,C,22,WAS,15,278,25.7,.682,.000,.474,13.0,22.1,17.6,3.3,1.8,8.8,10.0,19.5,,0.8,0.5,1.3,.226,,2.9,1.9,4.9,0.5
167,Danilo Gallinari\gallida01,PF,32,ATL,45,1070,15.8,.610,.547,.386,1.6,16.6,9.2,8.8,1.1,0.6,7.8,21.5,,2.3,0.8,3.1,.137,,1.4,-1.0,0.4,0.6
168,Langston Galloway\gallola01,SG,29,PHO,36,386,12.5,.632,.577,.138,1.5,9.5,5.6,8.4,1.0,0.0,9.1,16.5,,0.6,0.3,0.9,.110,,0.2,-0.6,-0.3,0.2
169,Darius Garland\garlada01,PG,21,CLE,53,1778,14.3,.547,.330,.165,1.4,6.9,4.1,30.6,1.8,0.3,16.0,25.1,,0.4,1.0,1.4,.037,,0.2,-1.8,-1.6,0.1
170,Marc Gasol\gasolma01,C,36,LAL,46,886,12.1,.598,.615,.253,4.6,19.0,11.9,14.2,1.3,5.4,20.5,12.5,,0.6,1.7,2.3,.125,,-1.4,3.1,1.7,0.8
171,Rudy Gay\gayru01,PF,34,SAS,55,1203,14.3,.531,.428,.166,3.4,20.4,11.8,10.0,1.5,2.2,9.1,23.5,,0.0,1.5,1.5,.060,,-0.3,-0.3,-0.7,0.4
172,Paul George\georgpa01,SF,30,LAC,49,1646,21.3,.601,.428,.242,2.9,18.6,10.9,25.0,1.8,1.2,14.3,30.2,,3.0,2.0,5.1,.148,,4.4,-0.3,4.1,2.6
173,Taj Gibson\gibsota01,PF,35,NYK,37,760,15.5,.658,.111,.357,11.7,17.2,14.5,4.8,1.8,4.3,12.1,9.7,,1.6,1.4,2.9,.185,,-1.1,1.9,0.9,0.5
174,Harry Giles\gilesha01,C,22,POR,33,324,11.4,.502,.217,.265,9.6,31.8,20.3,10.4,0.9,2.8,17.0,14.8,,0.1,0.3,0.4,.063,,-3.6,-0.6,-4.2,-0.2
175,Shai Gilgeous-Alexander\gilgesh01,SG,22,OKC,35,1180,21.6,.623,.301,.405,1.7,13.1,7.3,31.2,1.1,1.7,13.7,27.8,,2.8,0.8,3.6,.146,,3.8,0.0,3.8,1.7
176,Anthony Gill\gillan01,PF,28,WAS,22,162,14.9,.626,.476,.190,9.2,18.3,13.8,8.3,2.3,1.6,11.6,13.2,,0.3,0.2,0.5,.142,,-0.8,0.7,-0.1,0.1
177,Freddie Gillespie\gillefr01,PF,23,TOR,13,205,15.7,.611,.000,.353,11.5,14.9,13.2,3.6,1.4,5.9,9.2,13.7,,0.4,0.2,0.6,.150,,-2.3,0.3,-2.0,0.0
178,Rudy Gobert\goberru01,C,28,UTA,63,1949,23.5,.685,.006,.657,11.9,33.0,22.9,6.0,0.8,7.3,13.5,16.8,,5.4,4.6,10.1,.248,,2.0,2.6,4.6,3.2
179,Brandon Goodwin\goodwbr01,PG,25,ATL,45,609,8.6,.464,.466,.187,1.5,10.7,6.1,21.7,1.2,0.0,13.2,19.5,,-0.3,0.3,0.0,.002,,-2.9,-1.1,-4.0,-0.3
180,Aaron Gordon\gordoaa01,PF,25,TOT,44,1236,15.1,.555,.365,.321,5.8,16.8,11.1,18.7,1.2,2.3,15.1,21.2,,0.7,1.1,1.9,.072,,0.5,-0.1,0.5,0.8
180,Aaron Gordon\gordoaa01,PF,25,ORL,25,736,15.0,.537,.382,.358,5.3,18.7,11.8,22.9,1.1,2.5,16.5,23.9,,0.0,0.7,0.6,.041,,0.6,0.0,0.6,0.5
180,Aaron Gordon\gordoaa01,PF,25,DEN,19,500,15.1,.592,.333,.250,6.4,14.0,10.2,12.6,1.3,1.9,12.2,17.2,,0.8,0.4,1.2,.117,,0.5,-0.2,0.3,0.3
181,Eric Gordon\gordoer01,SG,32,HOU,27,789,14.6,.577,.572,.311,1.0,7.0,3.9,14.8,0.8,1.5,10.9,25.3,,0.6,0.3,0.9,.054,,0.9,-1.5,-0.6,0.3
182,Devonte' Graham\grahade01,PG,25,CHO,51,1531,14.2,.544,.707,.227,1.3,8.5,4.9,26.4,1.5,0.4,10.6,21.5,,2.0,0.9,2.9,.092,,1.2,-1.1,0.1,0.8
183,Jerami Grant\grantje01,SF,26,DET,53,1805,17.0,.556,.352,.366,2.1,13.2,7.6,14.5,1.0,2.7,9.0,28.4,,1.7,1.5,3.3,.087,,2.1,-1.1,1.0,1.3
184,Danny Green\greenda02,SF,33,PHI,62,1749,12.0,.583,.789,.072,3.3,11.2,7.3,8.2,2.3,2.7,11.0,13.9,,1.4,2.8,4.2,.115,,0.1,1.3,1.4,1.5
185,Draymond Green\greendr01,PF,30,GSW,56,1734,12.5,.509,.340,.217,3.0,20.5,11.8,36.0,2.5,2.3,31.3,13.0,,0.6,2.8,3.4,.095,,-2.2,3.0,0.8,1.2
186,JaMychal Green\greenja01,PF,30,DEN,50,938,14.7,.609,.527,.150,9.0,20.6,14.9,5.8,1.3,2.0,11.9,18.0,,1.4,1.0,2.4,.124,,0.1,-1.6,-1.5,0.1
187,Javonte Green\greenja02,SG-PG,27,TOT,33,380,10.8,.586,.291,.405,6.4,10.9,8.7,4.5,2.6,1.0,15.4,12.5,,0.2,0.4,0.6,.081,,-2.5,0.8,-1.7,0.0
187,Javonte Green\greenja02,SG,27,BOS,25,345,11.9,.624,.310,.423,6.4,10.4,8.4,4.3,2.6,0.5,13.4,12.1,,0.4,0.3,0.8,.105,,-1.7,0.8,-0.9,0.1
187,Javonte Green\greenja02,PG,27,CHI,8,35,0.3,.225,.125,.250,6.5,15.8,11.2,6.8,2.8,5.0,31.1,15.9,,-0.2,0.1,-0.1,-0.159,,-9.9,0.2,-9.7,-0.1
188,Jeff Green\greenje02,C,34,BRK,61,1671,12.4,.605,.462,.300,2.1,13.4,8.0,8.2,1.0,1.3,8.0,15.2,,2.4,1.0,3.5,.099,,-0.4,-0.9,-1.4,0.3
189,Josh Green\greenjo02,SG,20,DAL,32,333,7.5,.470,.286,.214,7.0,12.7,9.9,7.1,1.5,0.8,17.3,12.3,,-0.1,0.3,0.1,.021,,-4.2,-0.3,-4.4,-0.2
190,Blake Griffin\griffbl01,PF,31,TOT,39,1018,12.3,.532,.508,.301,3.0,18.6,10.9,17.3,1.3,1.1,12.2,19.6,,0.5,0.9,1.5,.069,,-1.0,-0.3,-1.3,0.1
190,Blake Griffin\griffbl01,PF,31,DET,20,626,9.8,.491,.559,.279,1.2,17.4,9.2,18.4,1.1,0.3,11.4,19.6,,-0.1,0.5,0.4,.027,,-1.5,-1.1,-2.6,-0.1
190,Blake Griffin\griffbl01,PF,31,BRK,19,392,16.4,.598,.425,.336,5.9,20.3,13.5,15.4,1.7,2.5,13.5,19.7,,0.7,0.4,1.1,.136,,-0.2,0.8,0.6,0.3
191,Kyle Guy\guyky01,PG,23,SAC,25,176,10.9,.493,.529,.235,2.5,13.5,7.9,16.0,1.1,0.0,7.4,19.8,,0.1,0.0,0.1,.023,,-2.9,-2.3,-5.2,-0.1
192,Rui Hachimura\hachiru01,PF,22,WAS,51,1605,11.3,.548,.218,.279,2.9,15.6,9.3,6.5,1.2,0.3,9.1,17.9,,0.6,1.3,1.9,.057,,-2.0,-1.4,-3.4,-0.6
193,Ashton Hagans\haganas01,PG,21,MIN,2,4,-12.5,,,,0.0,0.0,0.0,0.0,0.0,0.0,100.0,10.5,,0.0,0.0,0.0,-0.355,,-13.8,-7.9,-21.7,0.0
194,Tyrese Haliburton\halibty01,PG,20,SAC,58,1746,16.2,.585,.478,.090,2.5,8.7,5.5,24.5,2.1,1.4,12.5,18.1,,2.9,0.4,3.3,.090,,1.9,-0.9,1.1,1.4
195,Donta Hall\halldo01,PF,23,ORL,8,92,20.5,.648,.000,.857,15.3,24.7,19.8,10.9,2.1,6.0,13.5,10.5,,0.2,0.2,0.4,.206,,0.4,2.1,2.5,0.1
196,Josh Hall\halljo01,SF,20,OKC,16,205,-0.9,.326,.415,.623,1.5,14.8,8.1,14.4,0.2,0.4,21.0,17.7,,-0.8,0.1,-0.7,-0.155,,-10.0,-2.5,-12.5,-0.5
197,R.J. Hampton\hamptrj01,PG-SG,19,TOT,44,677,9.3,.499,.302,.230,3.5,17.4,10.3,10.3,1.4,1.0,14.4,18.3,,-0.5,0.6,0.1,.007,,-4.2,-1.0,-5.3,-0.6
197,R.J. Hampton\hamptrj01,PG,19,DEN,25,233,7.8,.490,.300,.200,4.9,19.4,12.2,7.6,1.1,0.8,14.4,14.3,,-0.1,0.2,0.1,.030,,-4.5,-1.0,-5.6,-0.2
197,R.J. Hampton\hamptrj01,SG,19,ORL,19,444,10.1,.502,.302,.241,2.7,16.3,9.3,11.6,1.6,1.0,14.3,20.4,,-0.4,0.4,-0.1,-0.006,,-4.1,-1.1,-5.2,-0.4
198,Tim Hardaway Jr.\hardati02,SG,28,DAL,62,1753,14.6,.574,.572,.188,1.1,11.7,6.4,9.3,0.8,0.5,6.3,23.3,,2.2,1.0,3.2,.088,,1.2,-1.9,-0.6,0.6
199,James Harden\hardeja01,PG-SG,31,TOT,42,1558,24.5,.616,.453,.438,2.6,20.7,11.9,44.4,1.5,1.6,16.7,28.7,,5.1,1.6,6.7,.206,,6.1,0.4,6.5,3.3
199,James Harden\hardeja01,SG,31,HOU,8,290,22.6,.613,.533,.444,1.8,13.8,7.5,47.5,1.1,1.9,17.4,28.7,,0.8,0.2,1.0,.165,,5.6,-1.0,4.6,0.5
199,James Harden\hardeja01,PG,31,BRK,34,1268,24.9,.616,.434,.436,2.7,22.2,12.9,43.6,1.6,1.6,16.6,28.7,,4.3,1.4,5.7,.215,,6.3,0.7,7.0,2.8
200,Maurice Harkless\harklma01,PF-SF,27,TOT,30,577,6.8,.528,.528,.259,1.9,10.2,6.0,5.9,1.8,2.3,13.0,10.4,,0.0,0.3,0.3,.023,,-4.1,-0.4,-4.5,-0.4
200,Maurice Harkless\harklma01,SF,27,MIA,11,124,4.6,.540,.846,.154,1.9,9.9,5.9,7.4,0.8,3.4,17.8,6.1,,0.0,0.1,0.1,.048,,-3.5,0.5,-3.0,0.0
200,Maurice Harkless\harklma01,PF,27,SAC,19,453,7.5,.526,.484,.274,1.9,10.3,6.0,5.5,2.0,2.1,12.4,11.5,,0.0,0.1,0.2,.016,,-4.2,-0.6,-4.9,-0.3
201,Jared Harper\harpeja01,PG,23,NYK,6,13,-14.4,.205,.250,.500,0.0,8.3,4.2,0.0,0.0,0.0,29.1,23.5,,-0.1,0.0,-0.1,-0.402,,-19.4,-7.8,-27.2,-0.1
202,Montrezl Harrell\harremo01,C,27,LAL,63,1487,22.8,.655,.018,.417,11.3,18.9,15.2,7.6,1.5,2.8,9.5,21.5,,4.3,2.6,6.9,.224,,2.4,0.4,2.8,1.8
203,Gary Harris\harriga01,SG,26,TOT,31,915,9.1,.510,.399,.256,2.1,6.4,4.2,10.2,1.3,0.9,8.8,16.3,,0.2,0.5,0.7,.039,,-3.0,-1.7,-4.7,-0.6
203,Gary Harris\harriga01,SG,26,DEN,19,581,9.3,.544,.481,.192,2.6,6.6,4.6,7.1,1.4,0.7,7.6,13.8,,0.4,0.4,0.8,.065,,-2.1,-1.5,-3.6,-0.2
203,Gary Harris\harriga01,SG,26,ORL,12,334,8.7,.470,.296,.336,1.2,6.2,3.6,15.7,1.2,1.4,10.0,20.7,,-0.2,0.2,0.0,-0.006,,-4.5,-2.0,-6.6,-0.4
204,Jalen Harris\harrija01,SG,22,TOR,7,32,8.1,.409,.455,.000,6.7,10.6,8.6,17.0,4.5,0.0,15.4,17.6,,0.0,0.0,0.0,.014,,-4.5,1.8,-2.7,0.0
205,Joe Harris\harrijo01,SF,29,BRK,65,2008,14.6,.670,.629,.092,2.4,10.0,6.4,8.5,1.1,0.6,7.4,16.2,,4.2,1.0,5.2,.125,,1.9,-1.4,0.6,1.3
206,Tobias Harris\harrito02,PF,28,PHI,55,1797,20.3,.602,.229,.224,3.4,19.8,11.7,18.1,1.3,2.4,10.0,23.8,,3.8,2.8,6.5,.175,,2.9,0.8,3.7,2.6
207,Shaquille Harrison\harrish01,SG,27,TOT,26,185,9.8,.481,.106,.340,3.0,12.4,7.8,9.9,3.2,1.0,12.9,14.6,,0.0,0.3,0.2,.062,,-5.0,2.1,-2.9,0.0
207,Shaquille Harrison\harrish01,SG,27,UTA,17,56,6.5,.375,.100,.300,5.9,10.9,8.5,21.5,1.7,0.0,18.1,21.3,,-0.1,0.1,0.0,-0.035,,-6.5,-1.3,-7.9,-0.1
207,Shaquille Harrison\harrish01,SG,27,DEN,9,129,11.2,.557,.111,.370,1.8,13.1,7.5,4.9,3.8,1.5,8.7,11.7,,0.1,0.2,0.3,.104,,-4.3,3.6,-0.8,0.0
208,Josh Hart\hartjo01,SF,25,NOP,47,1349,12.2,.566,.561,.259,4.3,26.2,15.3,10.5,1.4,0.8,11.3,13.5,,1.4,1.3,2.7,.097,,-1.1,0.0,-1.1,0.3
209,Isaiah Hartenstein\harteis01,C,22,TOT,44,533,18.4,.600,.032,.437,13.3,24.5,18.8,14.1,1.7,6.7,18.2,18.9,,0.7,0.9,1.6,.145,,-2.4,1.1,-1.3,0.1
209,Isaiah Hartenstein\harteis01,C,22,DEN,30,272,15.5,.543,.000,.450,16.9,18.7,17.8,7.4,2.0,7.1,18.0,18.8,,0.2,0.5,0.7,.116,,-4.2,-0.1,-4.3,-0.2
209,Isaiah Hartenstein\harteis01,C,22,CLE,14,261,21.5,.659,.064,.423,9.7,30.5,19.8,21.1,1.3,6.2,18.5,19.0,,0.5,0.4,1.0,.175,,-0.5,2.4,1.9,0.3
210,Jaxson Hayes\hayesja02,C,20,NOP,52,786,17.8,.700,.035,.458,9.7,18.8,14.3,4.8,1.2,3.3,12.0,14.8,,2.0,0.7,2.8,.169,,-0.1,-0.2,-0.3,0.3
211,Killian Hayes\hayeski01,PG,19,DET,19,449,5.0,.392,.326,.067,1.2,10.0,5.6,29.4,2.4,1.4,28.0,18.7,,-1.3,0.5,-0.8,-0.088,,-6.5,-0.5,-7.0,-0.6
212,Gordon Hayward\haywago01,SF,30,CHO,44,1496,17.6,.584,.312,.281,2.7,16.3,9.4,19.4,1.7,0.9,11.0,24.0,,2.2,1.4,3.6,.116,,1.9,-0.5,1.4,1.3
213,Juan Hernangómez\hernaju01,PF,25,MIN,46,791,13.5,.571,.553,.326,5.3,20.5,12.6,5.5,1.1,0.8,6.5,17.1,,0.9,0.4,1.3,.080,,-0.5,-1.7,-2.2,0.0
214,Willy Hernangómez\hernawi01,C,26,NOP,40,671,19.4,.591,.049,.330,15.8,26.9,21.4,7.2,1.2,2.7,9.2,16.4,,1.6,0.7,2.3,.165,,0.9,-1.6,-0.6,0.2
215,Tyler Herro\herroty01,SG,21,MIA,48,1472,12.7,.529,.418,.175,1.8,15.9,9.0,17.8,1.1,1.2,11.9,23.5,,-0.3,1.5,1.2,.039,,-0.8,-1.1,-1.9,0.0
216,Buddy Hield\hieldbu01,SG,28,SAC,63,2163,12.7,.568,.724,.109,1.3,13.9,7.5,13.2,1.2,1.1,10.6,20.6,,1.4,0.2,1.7,.037,,0.7,-1.8,-1.0,0.5
217,George Hill\hillge01,PG,34,TOT,22,523,13.8,.594,.418,.247,3.1,7.3,5.2,16.4,1.4,0.8,10.7,16.0,,0.8,0.4,1.1,.105,,-0.3,-0.7,-1.0,0.1
217,George Hill\hillge01,PG,34,OKC,14,369,15.9,.630,.475,.208,2.2,6.0,4.1,18.2,1.5,0.5,8.4,16.5,,0.8,0.2,1.0,.131,,0.9,-0.5,0.4,0.2
217,George Hill\hillge01,PG,34,PHI,8,154,8.6,.487,.237,.368,5.1,10.5,7.9,12.0,0.9,1.7,16.9,14.8,,0.0,0.2,0.1,.041,,-3.3,-1.3,-4.6,-0.1
218,Solomon Hill\hillso01,PF,29,ATL,64,1392,6.6,.494,.707,.148,3.2,12.1,7.7,6.2,1.6,0.7,11.7,10.7,,0.0,1.0,1.0,.034,,-3.1,0.1,-3.0,-0.4
219,Nate Hinton\hintona01,SG,21,DAL,15,57,10.1,.449,.348,.261,2.0,9.5,5.8,12.7,4.3,1.6,16.3,23.8,,-0.1,0.1,0.0,-0.042,,-5.0,1.9,-3.2,0.0
220,Jaylen Hoard\hoardja01,SF,21,OKC,12,194,9.6,.501,.115,.519,8.5,13.0,10.7,7.5,2.0,0.9,19.0,17.3,,-0.1,0.2,0.0,.006,,-4.8,-1.4,-6.3,-0.2
221,Aaron Holiday\holidaa01,PG,24,IND,61,1053,9.1,.502,.427,.188,1.1,6.9,4.0,13.5,1.8,0.9,11.7,19.8,,-0.5,0.7,0.2,.009,,-3.2,-1.0,-4.2,-0.6
222,Jrue Holiday\holidjr01,PG,30,MIL,52,1672,19.6,.590,.341,.157,4.2,10.4,7.4,25.4,2.5,1.5,12.9,22.0,,3.5,2.1,5.6,.162,,2.5,0.8,3.3,2.2
223,Justin Holiday\holidju01,SG,31,IND,63,1916,10.2,.559,.729,.130,1.6,11.1,6.4,7.1,1.8,1.2,7.8,14.0,,1.0,1.6,2.6,.065,,-0.9,-0.3,-1.2,0.4
224,Rondae Hollis-Jefferson\holliro01,PF,26,POR,7,81,15.2,.521,.071,1.000,12.8,12.3,12.6,15.9,1.2,4.4,9.0,11.8,,0.2,0.1,0.3,.150,,-1.1,0.9,-0.3,0.0
225,Richaun Holmes\holmeri01,C,27,SAC,55,1625,20.6,.676,.021,.306,9.3,23.7,16.4,7.9,1.0,4.5,10.3,17.4,,4.6,1.0,5.6,.165,,0.8,-0.3,0.5,1.1
226,Rodney Hood\hoodro01,SF,28,TOT,52,914,5.5,.451,.435,.107,2.5,9.1,5.7,7.8,1.2,0.7,12.0,14.2,,-0.7,0.3,-0.4,-0.023,,-5.3,-1.9,-7.2,-1.2
226,Rodney Hood\hoodro01,SF,28,POR,38,726,5.0,.436,.418,.060,2.6,8.4,5.4,8.6,1.3,0.5,13.1,14.0,,-0.7,0.2,-0.5,-0.036,,-5.7,-2.0,-7.6,-1.0
226,Rodney Hood\hoodro01,SF,28,TOR,14,188,7.3,.503,.500,.288,2.3,12.1,7.0,4.4,0.8,1.6,7.9,14.6,,0.0,0.1,0.1,.028,,-3.9,-1.6,-5.5,-0.2
227,Al Horford\horfoal01,C,34,OKC,28,782,17.4,.538,.422,.061,3.8,21.3,12.5,20.1,1.5,2.9,7.3,21.7,,0.8,0.9,1.7,.103,,1.9,1.4,3.3,1.0
228,Talen Horton-Tucker\hortota01,SG,20,LAL,59,1153,12.8,.528,.273,.251,2.2,12.9,7.6,19.7,2.4,1.5,15.1,21.7,,-0.1,2.0,1.9,.078,,-2.7,1.4,-1.3,0.2
229,Danuel House\houseda01,SF,27,HOU,33,885,9.3,.531,.574,.235,2.1,13.3,7.4,9.9,1.0,1.6,10.1,14.8,,0.2,0.5,0.7,.038,,-2.5,-0.3,-2.8,-0.2
230,Dwight Howard\howardw01,C,35,PHI,62,1074,17.7,.608,.066,.703,17.7,35.4,26.7,7.0,1.2,4.8,22.4,18.4,,1.1,2.4,3.5,.156,,-2.3,0.4,-1.9,0.0
231,Markus Howard\howarma02,SG,21,DEN,31,101,-3.4,.312,.712,.038,0.0,13.4,6.8,15.5,1.0,0.0,14.5,26.8,,-0.5,0.1,-0.5,-0.225,,-12.4,-4.7,-17.1,-0.4
232,Kevin Huerter\huertke01,SG,22,ATL,63,1966,12.4,.548,.529,.092,2.0,9.5,5.8,16.4,2.0,0.7,9.6,17.2,,1.9,1.5,3.3,.082,,-0.6,0.2,-0.4,0.8
233,Elijah Hughes\hugheel01,SF,22,UTA,15,55,5.3,.450,.769,.154,0.0,12.9,6.7,12.8,0.9,1.5,17.8,26.5,,-0.2,0.1,-0.1,-0.079,,-4.3,-2.3,-6.6,-0.1
234,De'Andre Hunter\huntede01,SF,23,ATL,20,625,16.5,.625,.390,.336,2.8,14.9,9.0,10.3,1.4,1.4,9.5,19.7,,1.3,0.5,1.8,.137,,1.5,0.2,1.7,0.6
235,Chandler Hutchison\hutchch01,SF,24,TOT,17,230,4.6,.437,.211,.183,2.3,24.8,13.6,6.8,1.0,0.4,17.3,16.9,,-0.5,0.2,-0.2,-0.051,,-7.1,-1.0,-8.1,-0.4
235,Chandler Hutchison\hutchch01,SF,24,CHI,7,64,0.4,.344,.167,.111,1.8,32.8,17.4,7.8,0.8,0.0,20.9,16.2,,-0.2,0.1,-0.1,-0.107,,-9.4,-1.5,-10.9,-0.1
235,Chandler Hutchison\hutchch01,SF,24,WAS,10,166,6.2,.467,.226,.208,2.6,21.7,12.2,6.4,1.1,0.5,16.0,17.2,,-0.3,0.2,-0.1,-0.029,,-6.2,-0.8,-7.0,-0.2
236,Serge Ibaka\ibakase01,C,31,LAC,39,919,17.6,.582,.311,.130,8.5,23.0,15.9,10.9,0.5,4.5,10.7,19.8,,1.5,1.2,2.7,.139,,1.0,-0.5,0.4,0.6
237,Andre Iguodala\iguodan01,SF,37,MIA,57,1222,9.7,.522,.748,.154,3.3,15.8,9.7,14.1,2.2,2.8,18.3,11.3,,0.1,1.8,1.8,.072,,-2.3,2.0,-0.3,0.5
238,Ersan İlyasova\ilyaser01,PF,33,UTA,14,129,15.6,.662,.818,.068,4.3,16.5,10.7,3.3,3.8,1.9,11.7,17.2,,0.2,0.3,0.5,.175,,-0.5,2.8,2.4,0.1
239,Joe Ingles\inglejo01,SF,33,UTA,59,1625,16.5,.695,.726,.165,1.8,11.8,7.0,23.2,1.1,0.6,16.2,16.5,,4.4,1.9,6.4,.188,,3.1,0.8,3.9,2.4
240,Brandon Ingram\ingrabr01,SF,23,NOP,59,2032,19.4,.585,.340,.290,1.8,13.9,7.9,22.3,0.9,1.7,11.1,28.4,,4.0,1.2,5.2,.122,,3.6,-1.4,2.2,2.1
241,Kyrie Irving\irvinky01,PG,28,BRK,48,1690,23.9,.604,.339,.205,3.5,11.8,7.8,29.8,1.8,1.5,10.2,30.5,,5.0,1.4,6.4,.181,,5.4,-0.7,4.7,2.9
242,Wesley Iwundu\iwundwe01,SF,26,TOT,36,477,4.7,.452,.443,.330,2.6,15.3,9.0,4.0,1.4,0.8,14.4,10.7,,-0.4,0.4,0.0,.004,,-6.0,-0.2,-6.2,-0.5
242,Wesley Iwundu\iwundwe01,SF,26,DAL,23,288,4.9,.421,.442,.269,2.3,14.3,8.4,4.4,1.5,1.0,9.4,9.9,,-0.2,0.3,0.1,.015,,-5.6,0.4,-5.1,-0.2
242,Wesley Iwundu\iwundwe01,SF,26,NOP,13,189,4.4,.493,.444,.417,2.9,16.7,9.9,3.3,1.3,0.5,20.5,12.0,,-0.2,0.1,0.0,-0.013,,-6.7,-1.2,-7.8,-0.3
243,Frank Jackson\jacksfr01,PG,22,DET,35,615,13.2,.611,.539,.257,2.5,11.3,6.9,7.2,0.7,0.1,10.5,21.6,,0.6,0.3,0.9,.072,,-0.3,-1.9,-2.1,0.0
244,Jaren Jackson Jr.\jacksja02,C,21,MEM,5,109,16.2,.521,.411,.375,6.7,22.7,14.6,6.9,0.4,7.5,7.1,27.2,,0.1,0.2,0.2,.098,,-2.8,-0.7,-3.5,0.0
245,Josh Jackson\jacksjo02,SG,23,DET,58,1456,12.2,.520,.357,.306,3.9,14.0,8.9,14.7,1.7,2.5,14.8,26.4,,-1.3,1.5,0.2,.008,,-2.3,-0.9,-3.2,-0.4
246,Justin Jackson\jacksju01,SF,25,OKC,33,544,10.7,.519,.524,.165,2.7,11.0,6.8,14.5,1.3,0.3,12.0,20.2,,-0.1,0.3,0.2,.021,,-2.0,-1.0,-2.9,-0.1
247,Reggie Jackson\jacksre01,SG,30,LAC,61,1401,14.2,.572,.458,.150,1.9,11.9,7.0,19.6,1.3,0.4,10.9,20.0,,2.1,1.2,3.3,.113,,0.4,-0.5,-0.1,0.7
248,Justin James\jamesju01,SF,24,SAC,29,195,7.9,.517,.370,.333,1.7,5.8,3.7,10.1,1.0,0.4,10.2,15.2,,0.0,0.0,0.0,-0.010,,-3.3,-2.6,-5.9,-0.2
249,LeBron James\jamesle01,PG,36,LAL,43,1448,24.2,.605,.354,.322,2.0,23.9,13.1,41.1,1.5,1.5,15.4,31.6,,3.0,2.6,5.5,.183,,5.9,1.6,7.5,3.5
250,Mike James\jamesmi02,PG,30,BRK,6,103,8.2,.438,.297,.324,3.4,7.2,5.4,27.9,0.5,0.0,17.6,21.6,,-0.1,0.0,-0.1,-0.031,,-3.1,-3.6,-6.7,-0.1
251,DaQuan Jeffries\jeffrda01,SG,23,TOT,27,364,7.6,.500,.557,.080,5.0,10.8,7.8,4.4,1.3,2.4,9.9,11.9,,0.0,0.1,0.1,.016,,-3.6,-1.1,-4.6,-0.2
251,DaQuan Jeffries\jeffrda01,SG,23,SAC,18,232,7.3,.524,.491,.123,4.3,9.8,7.0,3.3,1.4,1.5,11.8,12.6,,0.0,0.0,0.0,.002,,-3.9,-1.8,-5.6,-0.2
251,DaQuan Jeffries\jeffrda01,SG,23,HOU,9,132,8.2,.452,.677,.000,6.2,12.6,9.3,6.3,1.1,4.1,6.1,10.6,,0.0,0.1,0.1,.041,,-3.0,0.1,-2.9,0.0
252,Ty Jerome\jeromty01,SG,23,OKC,31,746,12.8,.581,.598,.114,1.4,10.7,6.0,23.3,1.2,0.7,14.5,18.5,,0.7,0.4,1.1,.072,,-0.2,-0.6,-0.8,0.2
253,Isaiah Joe\joeis01,SG,21,PHI,35,312,7.8,.487,.783,.170,2.1,8.7,5.5,7.8,1.4,1.1,7.3,16.9,,0.0,0.4,0.3,.051,,-3.2,-1.3,-4.5,-0.2
254,Alize Johnson\johnsal02,PF,24,BRK,15,181,24.3,.650,.092,.200,16.7,37.0,27.3,11.4,1.3,1.9,11.3,19.1,,0.6,0.3,0.9,.236,,2.8,0.4,3.3,0.2
255,Cameron Johnson\johnsca02,PF,24,PHO,58,1388,12.2,.575,.695,.123,2.6,12.8,7.8,8.1,1.2,1.0,7.5,17.0,,1.4,1.4,2.8,.096,,0.3,-0.5,-0.2,0.6
256,James Johnson\johnsja01,PF,33,TOT,43,853,11.5,.513,.396,.215,3.1,14.5,8.9,13.2,2.1,4.3,13.9,16.8,,0.0,1.1,1.0,.059,,-2.5,1.4,-1.2,0.2
256,James Johnson\johnsja01,PF,33,DAL,29,504,12.3,.526,.414,.200,3.1,15.5,9.4,13.8,2.3,4.2,14.6,16.2,,0.0,0.7,0.8,.073,,-2.1,2.2,0.1,0.3
256,James Johnson\johnsja01,PF,33,NOP,14,349,10.4,.497,.374,.235,3.2,13.1,8.2,12.3,1.8,4.3,13.0,17.7,,-0.1,0.4,0.3,.038,,-3.1,0.2,-3.0,-0.1
257,Keldon Johnson\johnske04,SF,21,SAS,60,1743,14.2,.560,.254,.275,5.0,18.5,11.7,8.9,1.0,1.2,8.7,19.1,,1.6,1.7,3.3,.092,,-0.6,-0.9,-1.5,0.2
258,Stanley Johnson\johnsst04,PF,24,TOR,54,789,8.0,.517,.606,.188,3.0,14.2,8.4,11.5,2.5,2.2,19.9,11.8,,-0.2,0.9,0.8,.046,,-3.9,1.1,-2.8,-0.2
259,Tyler Johnson\johnsty01,SG,28,BRK,36,627,8.3,.544,.729,.124,1.1,10.7,6.1,8.3,1.1,0.0,7.7,13.5,,0.4,0.3,0.7,.050,,-2.3,-1.3,-3.6,-0.3
260,Nikola Jokić\jokicni01,C,25,DEN,64,2243,31.1,.648,.188,.285,9.3,26.1,17.7,40.4,2.0,1.8,13.4,29.2,,10.9,3.1,14.0,.300,,9.1,2.5,11.6,7.7
261,Damian Jones\jonesda03,C,25,TOT,31,361,13.3,.765,.018,.750,7.8,14.9,11.3,5.0,0.9,3.7,19.5,11.2,,0.7,0.3,1.1,.141,,-2.7,0.7,-2.0,0.0
261,Damian Jones\jonesda03,C,25,PHO,14,94,6.7,.528,.063,.688,8.6,13.0,10.8,5.3,0.5,4.8,22.4,12.7,,0.0,0.1,0.1,.047,,-7.2,1.1,-6.1,-0.1
261,Damian Jones\jonesda03,C,25,LAL,8,112,17.1,.965,.000,.706,8.1,17.8,13.0,1.3,0.4,5.6,18.3,10.6,,0.4,0.2,0.5,.235,,-1.6,1.8,0.2,0.1
261,Damian Jones\jonesda03,C,25,SAC,9,155,14.5,.781,.000,.826,7.1,13.9,10.5,7.5,1.6,1.6,18.2,10.7,,0.4,0.0,0.4,.130,,-0.8,-0.3,-1.1,0.0
262,Derrick Jones Jr.\jonesde02,SF,23,POR,54,1263,12.0,.571,.454,.294,6.2,11.0,8.5,4.6,1.4,3.8,8.1,12.2,,1.6,0.7,2.3,.088,,-1.5,-0.3,-1.7,0.1
263,Mason Jones\jonesma05,SG,22,TOT,32,334,12.2,.556,.537,.520,2.2,15.9,8.8,19.1,1.0,0.3,16.1,23.0,,0.0,0.2,0.2,.033,,-1.2,-1.2,-2.4,0.0
263,Mason Jones\jonesma05,SG,22,HOU,26,307,11.3,.546,.561,.500,1.3,17.0,8.8,19.3,0.9,0.3,16.8,23.2,,-0.1,0.2,0.1,.012,,-1.7,-1.3,-3.0,-0.1
263,Mason Jones\jonesma05,SG,22,PHI,6,27,23.5,.662,.222,.778,12.4,4.0,8.1,16.6,1.8,0.0,7.6,20.8,,0.1,0.0,0.2,.271,,4.0,0.1,4.2,0.0
264,Tre Jones\jonestr01,PG,21,SAS,30,177,9.4,.509,.056,.167,3.0,6.1,4.5,17.2,1.6,0.0,17.2,17.2,,-0.1,0.1,0.1,.014,,-4.0,-1.5,-5.5,-0.2
265,Tyus Jones\jonesty01,PG,24,MEM,61,1108,15.3,.510,.342,.099,2.0,10.2,6.0,28.9,2.5,0.5,9.7,16.9,,1.4,1.2,2.6,.113,,0.0,0.7,0.7,0.8
266,DeAndre Jordan\jordade01,C,32,BRK,55,1225,17.4,.742,.004,.339,10.9,26.0,18.8,10.1,0.7,4.7,22.1,13.0,,2.5,1.5,4.0,.155,,0.2,0.8,0.9,0.9
267,Cory Joseph\josepco01,PG,29,TOT,60,1361,12.4,.559,.319,.217,2.7,9.6,6.1,20.5,2.1,1.0,14.4,15.9,,1.3,0.6,1.8,.065,,-1.9,-0.3,-2.2,-0.1
267,Cory Joseph\josepco01,PG,29,SAC,44,944,10.0,.534,.376,.188,2.9,8.9,5.9,14.8,2.0,0.8,14.0,14.3,,0.4,0.2,0.6,.030,,-3.0,-0.6,-3.7,-0.4
267,Cory Joseph\josepco01,PG,29,DET,16,417,17.9,.602,.218,.268,2.1,11.1,6.5,33.2,2.2,1.5,15.0,19.5,,0.8,0.4,1.2,.144,,0.6,0.6,1.2,0.3
268,Mfiondu Kabengele\kabenmf01,PF,23,TOT,31,172,6.8,.473,.580,.180,1.9,15.7,8.8,9.7,1.7,3.6,15.6,16.4,,-0.2,0.2,0.0,.004,,-6.4,0.3,-6.0,-0.2
268,Mfiondu Kabengele\kabenmf01,PF,23,LAC,23,94,1.4,.390,.563,.188,1.2,15.2,8.4,6.8,1.1,2.8,14.8,19.1,,-0.3,0.1,-0.2,-0.077,,-9.2,-1.7,-10.9,-0.2
268,Mfiondu Kabengele\kabenmf01,PF,23,CLE,8,78,13.3,.621,.611,.167,2.8,16.3,9.4,13.0,2.5,4.6,17.2,13.1,,0.1,0.1,0.2,.102,,-3.0,2.7,-0.3,0.0
269,Frank Kaminsky\kaminfr01,C,27,PHO,39,567,16.2,.557,.360,.232,5.7,22.5,14.2,14.5,1.1,2.4,7.1,18.9,,0.9,0.8,1.7,.142,,0.7,1.2,2.0,0.6
270,Enes Kanter\kanteen01,C,28,POR,64,1614,22.5,.637,.002,.292,16.8,31.5,23.9,7.5,1.0,2.4,11.3,17.4,,5.3,1.5,6.8,.201,,1.9,-1.8,0.1,0.9
271,Luke Kennard\kennalu01,SG,24,LAC,58,1137,12.8,.614,.540,.078,1.4,13.5,7.6,12.0,0.9,0.7,10.4,16.8,,1.6,0.9,2.5,.106,,0.4,-0.9,-0.4,0.5
272,Maxi Kleber\klebima01,PF,29,DAL,48,1308,10.5,.611,.771,.139,3.7,17.2,10.5,6.4,0.9,2.4,9.6,10.6,,1.6,1.2,2.8,.103,,-0.7,0.0,-0.7,0.4
273,Nathan Knight\knighna01,PF,23,ATL,30,244,13.1,.497,.329,.576,10.9,16.4,13.7,4.1,1.8,2.5,12.3,21.7,,0.0,0.3,0.3,.059,,-2.4,-1.6,-4.0,-0.1
274,Kevin Knox\knoxke01,SF,21,NYK,40,457,9.0,.534,.624,.142,2.4,12.1,7.3,5.6,1.3,1.3,10.2,16.2,,0.0,0.6,0.6,.064,,-1.7,-0.2,-1.9,0.0
275,John Konchar\konchjo01,SG,24,MEM,37,483,12.9,.557,.393,.224,5.8,16.7,11.2,10.5,3.0,1.3,12.6,11.8,,0.5,0.7,1.2,.117,,-1.6,1.4,-0.2,0.2
276,Furkan Korkmaz\korkmfu01,SG,23,PHI,51,996,13.3,.554,.632,.203,1.7,9.8,5.8,10.6,2.3,0.8,9.0,20.6,,0.7,1.4,2.1,.101,,0.0,0.4,0.3,0.6
277,Luke Kornet\kornelu01,PF-C,25,TOT,25,245,13.3,.509,.653,.083,4.1,18.2,11.2,10.1,0.4,7.9,5.1,13.8,,0.2,0.3,0.5,.097,,0.1,1.0,1.2,0.2
277,Luke Kornet\kornelu01,PF,25,CHI,13,94,9.8,.452,.852,.148,1.2,16.4,8.9,5.5,1.0,6.5,3.4,13.7,,0.0,0.1,0.1,.043,,-0.3,0.8,0.5,0.1
277,Luke Kornet\kornelu01,C,25,BOS,12,151,15.5,.545,.533,.044,5.9,19.3,12.6,12.9,0.0,8.7,6.1,13.9,,0.2,0.2,0.4,.131,,0.4,1.2,1.6,0.1
278,Rodions Kurucs\kurucro01,SF-PF,22,TOT,21,125,6.4,.459,.656,.125,4.3,15.4,9.8,10.3,3.4,2.9,27.8,15.9,,-0.3,0.2,-0.1,-0.037,,-7.0,2.5,-4.6,-0.1
278,Rodions Kurucs\kurucro01,PF,22,BRK,5,16,7.7,.500,.667,.000,0.0,19.9,10.4,15.1,0.0,0.0,0.0,8.1,,0.0,0.0,0.0,.082,,-1.2,0.4,-0.8,0.0
278,Rodions Kurucs\kurucro01,SF,22,HOU,11,75,0.9,.297,.714,.095,2.7,13.3,7.8,7.2,3.8,4.8,29.1,17.5,,-0.4,0.1,-0.3,-0.172,,-10.4,2.1,-8.3,-0.1
278,Rodions Kurucs\kurucro01,SF,22,MIL,5,34,18.0,.845,.500,.250,9.6,17.9,13.9,15.1,4.2,0.0,31.1,15.9,,0.1,0.1,0.1,.204,,-2.3,4.3,2.0,0.0
279,Kyle Kuzma\kuzmaky01,SF,25,LAL,61,1746,12.8,.543,.507,.121,6.8,17.7,12.3,9.3,0.9,2.0,12.4,20.5,,0.3,2.6,2.9,.079,,-0.3,-0.6,-0.9,0.5
280,Anthony Lamb\lamban01,SF,23,HOU,17,195,6.7,.446,.607,.148,8.4,10.8,9.5,5.1,0.5,1.4,9.7,15.7,,-0.1,0.1,0.0,-0.008,,-4.6,-2.2,-6.8,-0.2
281,Jeremy Lamb\lambje01,SG,28,IND,36,765,15.9,.587,.464,.272,3.6,15.0,9.3,9.5,2.1,2.5,6.6,18.5,,1.2,0.9,2.1,.134,,0.9,0.4,1.3,0.6
282,Romeo Langford\langfro01,SG,21,BOS,14,216,3.9,.398,.366,.098,5.7,9.3,7.5,4.6,0.9,1.7,15.8,10.1,,-0.2,0.1,-0.1,-0.012,,-5.2,-0.5,-5.7,-0.2
283,Zach LaVine\lavinza01,SG,25,CHI,53,1867,21.6,.633,.424,.268,1.9,14.1,8.1,24.2,1.1,1.3,14.4,31.2,,3.6,1.6,5.2,.133,,4.8,-1.0,3.8,2.7
284,Jake Layman\laymaja01,SF,26,MIN,42,602,11.5,.578,.417,.211,2.3,9.5,5.8,6.7,2.3,2.5,12.0,15.2,,0.2,0.4,0.6,.049,,-2.6,-0.1,-2.7,-0.1
285,T.J. Leaf\leaftj01,PF,23,POR,2,13,6.1,.500,.000,.000,0.0,0.0,0.0,0.0,3.8,6.9,33.3,9.9,,0.0,0.0,0.0,-0.055,,-6.5,3.7,-2.8,0.0
286,Jalen Lecque\lecquja01,PG,20,IND,4,12,4.8,.242,.111,.333,18.1,27.0,22.6,20.8,0.0,0.0,0.0,36.7,,-0.1,0.0,-0.1,-0.232,,-6.3,-6.8,-13.1,0.0
287,Damion Lee\leeda03,SG,28,GSW,57,1079,11.8,.636,.708,.161,2.2,15.5,8.9,9.2,1.7,0.7,9.3,12.8,,1.4,1.2,2.6,.116,,-0.8,0.5,-0.3,0.5
288,Saben Lee\leesa01,PG,21,DET,40,609,13.5,.522,.099,.457,2.9,11.8,7.3,32.8,2.1,1.4,17.4,16.9,,0.5,0.6,1.1,.089,,-2.4,0.4,-2.0,0.0
289,Alex Len\lenal01,C,27,TOT,56,860,16.3,.646,.101,.425,8.2,19.2,13.7,7.5,0.8,5.7,15.3,16.8,,1.2,1.1,2.3,.126,,-1.3,0.6,-0.7,0.3
289,Alex Len\lenal01,C,27,TOR,7,76,4.3,.633,.600,.600,0.0,16.4,8.0,5.2,0.6,7.9,38.8,11.7,,-0.1,0.1,0.0,-0.031,,-6.8,1.2,-5.6,-0.1
289,Alex Len\lenal01,C,27,WAS,49,784,17.5,.647,.080,.418,9.0,19.5,14.2,7.7,0.8,5.5,13.8,17.3,,1.3,1.0,2.3,.142,,-0.7,0.5,-0.2,0.4
290,Kawhi Leonard\leonaka01,SF,29,LAC,47,1612,26.8,.622,.274,.310,3.9,17.5,10.9,24.9,2.4,1.1,8.7,29.0,,6.0,2.1,8.1,.243,,5.9,1.0,6.9,3.6
291,Meyers Leonard\leoname01,C,28,MIA,3,29,6.6,.635,1.000,.286,0.0,26.9,13.7,9.9,0.0,0.0,20.2,15.4,,0.0,0.0,0.0,.041,,-3.5,-0.9,-4.4,0.0
292,Caris LeVert\leverca01,SG,26,TOT,39,1199,17.7,.530,.330,.207,2.7,12.7,7.8,23.9,2.1,1.6,9.5,28.0,,0.8,1.2,2.0,.081,,0.2,-0.3,-0.1,0.6
292,Caris LeVert\leverca01,SG,26,BRK,12,334,19.2,.516,.315,.170,3.5,13.4,8.6,34.1,1.9,1.6,10.8,31.3,,0.3,0.3,0.6,.085,,1.3,-0.7,0.6,0.2
292,Caris LeVert\leverca01,SG,26,IND,27,865,17.2,.537,.337,.223,2.4,12.5,7.5,19.9,2.2,1.6,8.9,26.7,,0.5,0.9,1.4,.080,,-0.2,-0.2,-0.4,0.4
293,Kira Lewis Jr.\lewiski01,PG,19,NOP,46,759,10.6,.479,.368,.123,1.3,6.6,4.0,19.4,2.1,1.2,8.8,18.3,,0.2,0.5,0.7,.046,,-3.0,-0.5,-3.5,-0.3
294,Damian Lillard\lillada01,PG,30,POR,59,2116,24.5,.607,.531,.360,1.4,11.6,6.3,34.8,1.3,0.7,11.8,31.7,,7.6,0.6,8.2,.187,,6.7,-1.8,4.9,3.7
295,Nassir Little\littlna01,PF,20,POR,43,597,11.2,.574,.503,.284,5.2,16.5,10.7,5.0,0.4,2.0,8.4,13.7,,0.8,0.2,0.9,.076,,-1.2,-2.1,-3.3,-0.2
296,Kevon Looney\looneke01,C,24,GSW,53,949,12.3,.571,.101,.226,11.3,17.0,14.2,14.6,1.0,1.8,15.2,9.8,,1.7,1.0,2.7,.137,,-1.8,0.5,-1.3,0.2
297,Brook Lopez\lopezbr01,C,32,MIL,63,1720,14.9,.604,.468,.204,5.6,12.9,9.4,3.7,1.0,4.9,8.6,16.5,,2.5,2.1,4.6,.129,,0.0,0.0,0.0,0.9
298,Robin Lopez\lopezro01,C,32,WAS,63,1210,16.1,.663,.051,.341,10.7,10.3,10.5,6.2,0.5,2.6,13.9,16.3,,2.4,0.8,3.2,.128,,0.0,-1.3,-1.3,0.2
299,Kevin Love\loveke01,PF,32,CLE,21,502,14.1,.547,.635,.202,2.6,29.9,15.9,15.9,1.2,0.4,12.6,22.0,,0.1,0.5,0.7,.062,,0.2,-1.1,-0.9,0.1
300,Kyle Lowry\lowryky01,PG,34,TOR,46,1601,16.5,.593,.555,.268,2.3,15.0,8.5,31.8,1.4,0.9,15.9,21.4,,2.9,1.3,4.2,.127,,1.9,-0.7,1.2,1.3
301,Timothé Luwawu-Cabarrot\luwawti01,SF,25,BRK,55,1032,7.7,.493,.673,.123,3.0,10.3,6.8,8.3,1.5,0.5,10.2,17.3,,-0.3,0.6,0.3,.015,,-3.2,-1.7,-4.9,-0.7
302,Trey Lyles\lylestr01,PF,25,SAS,23,358,11.4,.574,.444,.256,2.6,23.2,12.8,5.3,0.8,0.2,5.7,12.9,,0.3,0.4,0.7,.090,,-1.2,-0.7,-1.9,0.0
303,Will Magnay\magnawi01,C,22,NOP,1,3,-35.3,.000,1.000,.000,0.0,0.0,0.0,0.0,0.0,0.0,50.0,28.2,,0.0,0.0,0.0,-0.792,,-30.7,-8.9,-39.6,0.0
304,Thon Maker\makerth01,C,23,CLE,8,76,18.7,.657,.111,.611,11.6,15.2,13.3,7.8,1.3,4.7,11.6,14.8,,0.2,0.1,0.3,.178,,0.3,1.2,1.5,0.1
305,Théo Maledon\maledth01,PG,19,OKC,59,1626,8.1,.495,.509,.222,1.5,11.2,6.3,18.7,1.5,0.5,18.1,19.1,,-1.6,1.1,-0.5,-0.015,,-4.2,-1.0,-5.2,-1.3
306,Karim Mané\maneka01,PG,20,ORL,10,88,1.3,.362,.154,.385,1.1,16.0,8.3,6.0,0.0,2.1,16.5,9.0,,-0.1,0.0,-0.1,-0.042,,-9.0,-0.8,-9.9,-0.2
307,Terance Mann\mannte01,SG,24,LAC,62,1205,12.9,.582,.265,.253,5.2,16.2,10.8,11.2,1.2,1.0,9.7,14.8,,2.0,1.2,3.1,.124,,-0.9,0.3,-0.6,0.4
308,Nico Mannion\mannini01,PG,19,GSW,26,313,9.0,.487,.525,.248,1.0,11.1,6.1,25.0,2.1,0.3,18.8,18.8,,-0.2,0.3,0.1,.019,,-3.6,-0.7,-4.3,-0.2
309,Boban Marjanović\marjabo01,C,32,DAL,28,251,22.7,.555,.053,.301,19.9,33.3,26.7,5.8,0.4,2.2,7.2,24.3,,0.7,0.3,1.0,.187,,1.5,-2.6,-1.1,0.1
310,Lauri Markkanen\markkla01,PF,23,CHI,43,1143,15.0,.611,.554,.175,3.1,19.4,11.3,5.0,0.8,0.9,8.1,20.5,,1.4,1.0,2.4,.101,,1.3,-1.6,-0.3,0.5
311,Naji Marshall\marshna01,SF,23,NOP,24,464,10.9,.498,.442,.483,1.4,20.4,11.0,17.5,1.9,1.6,13.1,15.3,,0.2,0.5,0.6,.067,,-2.1,1.2,-0.9,0.1
312,Caleb Martin\martica02,SF,25,CHO,47,690,9.7,.464,.470,.242,4.5,15.7,10.0,11.6,2.3,1.3,10.7,17.0,,-0.3,0.8,0.5,.032,,-3.4,-0.4,-3.8,-0.3
313,Cody Martin\martico01,SF,25,CHO,52,849,10.6,.500,.309,.229,6.6,14.2,10.3,13.8,2.1,1.4,16.2,12.6,,0.2,0.9,1.1,.062,,-2.6,0.3,-2.2,-0.1
314,Jeremiah Martin\martije02,PG,24,CLE,2,16,-1.3,.273,.333,.500,0.0,0.0,0.0,18.4,3.1,0.0,12.0,22.7,,-0.1,0.0,-0.1,-0.235,,-10.7,-2.2,-12.9,0.0
315,Kelan Martin\martike03,SF,25,IND,26,163,11.0,.489,.438,.125,6.7,19.2,13.0,8.4,1.7,2.5,11.8,20.1,,-0.1,0.2,0.1,.028,,-3.1,-1.1,-4.2,-0.1
316,Kenyon Martin Jr.\martike04,SF,20,HOU,38,798,14.1,.582,.237,.316,8.1,16.4,12.1,4.1,1.4,3.9,9.3,14.4,,0.9,0.8,1.7,.103,,-2.0,-0.1,-2.1,0.0
317,Frank Mason III\masonfr01,PG,26,ORL,4,79,7.6,.462,.208,.292,3.8,12.3,7.9,22.3,0.0,0.0,15.6,17.6,,0.0,0.0,0.0,-0.014,,-6.1,-3.1,-9.2,-0.1
318,Garrison Mathews\mathega01,SG,24,WAS,57,957,9.9,.638,.825,.378,1.8,7.3,4.6,3.3,1.4,0.5,3.4,11.4,,1.6,0.6,2.2,.111,,-1.6,-0.6,-2.2,0.0
319,Dakota Mathias\mathida01,SG,25,PHI,8,123,9.8,.474,.542,.125,0.9,5.3,3.1,15.1,0.4,2.2,1.9,18.0,,0.1,0.1,0.2,.063,,-1.9,-1.7,-3.6,0.0
320,Wesley Matthews\matthwe02,SG,34,LAL,50,965,6.5,.497,.792,.165,1.7,7.2,4.5,6.2,1.6,1.4,8.8,11.2,,0.0,1.3,1.3,.064,,-3.5,0.5,-3.0,-0.3
321,Tyrese Maxey\maxeyty01,SG,20,PHI,54,784,13.2,.520,.240,.138,1.3,9.9,5.7,17.9,1.2,1.0,8.1,22.8,,0.4,0.9,1.3,.078,,-2.0,-1.0,-2.9,-0.2
322,Skylar Mays\mayssk01,SG,23,ATL,30,235,15.4,.542,.405,.298,4.7,9.7,7.2,14.4,2.9,0.0,7.8,19.1,,0.4,0.2,0.6,.117,,0.1,0.4,0.5,0.1
323,Patrick McCaw\mccawpa01,SF,25,TOR,5,33,12.0,1.078,.000,3.000,3.2,6.9,5.0,15.2,2.9,0.0,0.0,3.0,,0.1,0.0,0.1,.212,,-2.5,3.5,1.0,0.0
324,CJ McCollum\mccolcj01,SG,29,POR,39,1320,21.1,.576,.486,.145,2.0,11.4,6.5,23.3,1.4,1.2,6.4,27.3,,3.4,0.5,3.9,.142,,4.9,-1.4,3.4,1.8
325,T.J. McConnell\mccontj01,PG,28,IND,60,1525,16.6,.577,.098,.095,3.0,11.9,7.5,34.8,3.3,1.1,21.1,14.8,,2.1,1.9,4.1,.128,,-0.2,1.7,1.5,1.3
326,Jaden McDaniels\mcdanja02,PF,20,MIN,58,1387,9.0,.549,.530,.127,3.7,13.7,8.5,6.3,1.1,3.4,10.8,12.1,,0.4,0.8,1.2,.043,,-3.4,-0.3,-3.7,-0.6
327,Jalen McDaniels\mcdanja01,SF,23,CHO,39,663,11.1,.558,.370,.227,4.9,15.0,9.9,8.6,1.6,2.0,13.7,17.5,,0.1,0.6,0.8,.056,,-3.1,-0.6,-3.7,-0.3
328,Doug McDermott\mcderdo01,PF,29,IND,57,1381,16.1,.636,.433,.153,4.6,11.2,7.9,8.3,0.6,0.2,7.0,20.0,,2.8,0.7,3.4,.120,,1.9,-1.9,-0.1,0.7
329,Sean McDermott\mcderse01,SF,24,MEM,18,158,7.2,.534,.667,.242,4.0,8.9,6.4,3.1,0.6,1.7,9.9,10.8,,0.1,0.1,0.2,.051,,-3.3,-1.8,-5.1,-0.1
330,JaVale McGee\mcgeeja01,C,33,TOT,39,569,17.5,.549,.088,.256,12.0,26.9,19.3,10.2,1.6,7.2,16.7,24.4,,-0.1,0.9,0.8,.069,,-2.8,1.2,-1.6,0.1
330,JaVale McGee\mcgeeja01,C,33,CLE,33,503,18.5,.554,.093,.256,11.8,26.6,19.0,11.3,1.6,7.2,15.8,24.7,,0.0,0.8,0.8,.078,,-2.1,1.3,-0.8,0.2
330,JaVale McGee\mcgeeja01,C,33,DEN,6,66,10.1,.507,.043,.261,13.9,29.1,21.5,2.1,1.5,7.3,23.8,22.3,,-0.1,0.1,0.0,.001,,-8.5,0.7,-7.8,-0.1
331,Rodney McGruder\mcgruro01,SG,29,DET,16,194,16.1,.619,.343,.114,4.5,8.1,6.3,13.6,2.0,0.4,8.7,18.1,,0.3,0.2,0.5,.121,,0.9,-0.2,0.7,0.1
332,Alfonzo McKinnie\mckinal01,SF,28,LAL,35,222,15.1,.612,.427,.227,8.7,14.4,11.6,4.1,1.1,0.0,4.6,16.9,,0.4,0.3,0.7,.157,,0.4,-1.1,-0.7,0.1
333,Jordan McLaughlin\mclaujo01,PG,24,MIN,45,841,12.0,.490,.359,.111,2.4,10.2,6.1,29.1,2.6,0.6,16.8,13.7,,0.4,0.6,1.0,.057,,-2.1,0.0,-2.2,0.0
334,Ben McLemore\mclembe01,SG,27,TOT,45,757,9.2,.529,.759,.168,2.1,10.7,6.3,6.8,1.4,0.7,10.3,21.4,,-0.4,0.6,0.2,.015,,-2.7,-1.3,-4.0,-0.4
334,Ben McLemore\mclembe01,SG,27,HOU,32,537,8.4,.500,.741,.143,2.1,11.4,6.5,7.9,1.8,0.5,10.5,21.1,,-0.5,0.4,-0.2,-0.014,,-3.2,-1.2,-4.4,-0.3
334,Ben McLemore\mclembe01,SG,27,LAL,13,220,11.1,.599,.802,.231,2.1,9.0,5.6,4.1,0.4,1.2,9.9,22.0,,0.2,0.2,0.4,.086,,-1.5,-1.8,-3.2,-0.1
335,Nicolò Melli\mellini01,PF,30,TOT,38,464,7.3,.431,.591,.173,5.3,17.8,11.6,9.4,1.4,0.6,7.8,11.9,,0.0,0.4,0.4,.041,,-3.9,0.4,-3.6,-0.2
335,Nicolò Melli\mellini01,PF,30,NOP,22,241,5.9,.346,.627,.119,5.5,20.3,13.0,12.7,1.8,0.4,10.1,12.1,,-0.2,0.2,0.0,.007,,-4.9,0.5,-4.4,-0.1
335,Nicolò Melli\mellini01,PF,30,DAL,16,223,8.8,.524,.549,.235,5.0,15.1,10.1,5.9,0.9,0.8,5.1,11.8,,0.2,0.2,0.4,.077,,-2.9,0.2,-2.7,0.0
336,De'Anthony Melton\meltode01,PG,22,MEM,43,884,16.7,.580,.518,.135,3.2,14.1,8.6,18.2,2.9,2.7,12.3,19.7,,1.0,1.3,2.3,.126,,1.4,1.8,3.2,1.1
337,Sam Merrill\merrisa01,SG,24,MIL,27,199,13.7,.659,.661,.065,3.3,10.7,7.1,13.0,1.2,0.4,13.6,15.6,,0.4,0.2,0.5,.131,,0.7,-0.7,0.1,0.1
338,Chimezie Metu\metuch01,C,23,SAC,30,332,16.2,.586,.139,.270,9.0,17.8,13.3,9.2,1.6,3.8,13.9,20.6,,0.3,0.2,0.5,.075,,-2.0,-1.2,-3.2,-0.1
339,Khris Middleton\middlkh01,SF,29,MIL,62,2072,18.3,.587,.337,.216,2.6,15.7,9.4,23.4,1.6,0.4,13.3,25.1,,3.7,2.2,6.0,.138,,2.1,-0.6,1.5,1.8
340,Darius Miller\milleda01,SF,30,OKC,18,197,15.9,.685,.875,.250,1.0,11.7,6.3,15.4,3.1,2.2,13.1,13.2,,0.4,0.2,0.6,.158,,1.2,2.7,3.9,0.3
341,Patty Mills\millspa02,PG,32,SAS,60,1523,12.3,.572,.702,.127,1.2,6.2,3.7,13.8,1.3,0.2,8.8,18.6,,1.4,0.9,2.3,.073,,0.4,-1.7,-1.2,0.3
342,Paul Millsap\millspa01,PF,35,DEN,51,1061,16.6,.574,.361,.246,7.6,18.7,13.2,11.1,2.0,3.2,10.0,18.1,,1.7,1.4,3.1,.140,,0.5,0.0,0.6,0.7
343,Shake Milton\miltosh01,SG,24,PHI,56,1316,14.2,.547,.294,.267,2.6,8.1,5.4,19.7,1.3,0.9,12.5,25.1,,0.9,1.4,2.4,.086,,-1.1,-1.3,-2.4,-0.1
344,Donovan Mitchell\mitchdo01,PG,24,UTA,53,1771,21.3,.569,.423,.290,3.1,10.6,7.0,26.8,1.4,0.7,10.7,33.6,,4.0,2.2,6.2,.167,,4.1,-0.6,3.5,2.5
345,Adam Mokoka\mokokad01,SG,22,CHI,13,54,4.0,.407,.556,.056,2.1,8.2,5.2,12.4,1.8,1.6,17.8,18.0,,-0.1,0.0,-0.1,-0.076,,-6.6,-1.7,-8.3,-0.1
346,Malik Monk\monkma01,SG,22,CHO,34,744,15.2,.599,.513,.195,1.9,11.0,6.4,14.7,1.2,0.5,11.5,24.2,,0.7,0.4,1.2,.077,,1.0,-2.0,-0.9,0.2
347,E'Twaun Moore\mooreet01,SG,31,PHO,24,348,8.8,.479,.284,.098,4.3,9.2,6.8,13.1,2.0,1.0,14.5,15.9,,-0.1,0.4,0.3,.036,,-4.4,0.7,-3.7,-0.2
348,Ja Morant\moranja01,PG,21,MEM,55,1764,17.5,.542,.240,.392,3.0,10.0,6.4,33.8,1.4,0.6,14.9,27.6,,1.7,1.4,3.1,.085,,1.6,-1.8,-0.2,0.8
349,Juwan Morgan\morgaju01,PF,23,UTA,25,128,10.4,.567,.500,.269,7.8,13.5,10.7,9.4,1.5,0.6,9.4,10.8,,0.2,0.2,0.4,.139,,-2.5,1.3,-1.2,0.0
350,Marcus Morris\morrima03,PF,31,LAC,51,1354,14.6,.606,.515,.140,2.7,14.6,8.8,5.8,1.2,0.9,7.5,20.1,,2.0,1.2,3.2,.114,,0.9,-1.1,-0.3,0.6
351,Markieff Morris\morrima02,PF,31,LAL,56,1127,9.5,.521,.569,.126,4.5,20.0,12.4,8.0,0.9,1.5,12.1,16.2,,-0.1,1.7,1.6,.068,,-2.6,-0.2,-2.8,-0.2
352,Monte Morris\morrimo01,PG,25,DEN,44,1151,13.7,.572,.356,.195,1.1,8.2,4.7,16.5,1.3,1.1,7.5,16.3,,1.9,0.8,2.7,.112,,0.1,-1.1,-1.0,0.3
353,Mychal Mulder\muldemy01,PG,26,GSW,52,586,10.4,.610,.805,.097,0.7,8.1,4.4,5.1,0.7,1.4,5.6,15.7,,0.4,0.4,0.8,.070,,-1.2,-1.4,-2.6,-0.1
354,Dejounte Murray\murrade01,PG,24,SAS,59,1893,16.8,.514,.211,.140,2.8,21.2,11.8,25.8,2.4,0.3,10.0,23.3,,0.9,2.6,3.5,.088,,-0.1,1.0,0.9,1.4
355,Jamal Murray\murraja01,PG,23,DEN,48,1704,18.3,.592,.399,.193,2.5,10.4,6.5,20.2,1.9,0.7,11.2,24.8,,3.2,1.4,4.6,.131,,2.7,-1.0,1.7,1.6
356,Mike Muscala\muscami01,C,29,OKC,35,645,14.7,.599,.689,.135,3.0,18.4,10.7,7.0,0.6,1.5,6.9,20.0,,0.9,0.5,1.3,.098,,0.8,-1.2,-0.3,0.3
357,Sviatoslav Mykhailiuk\mykhasv01,SF-SG,23,TOT,61,1208,9.9,.531,.646,.110,2.0,11.5,6.7,12.4,1.7,0.8,15.2,19.3,,-0.7,1.0,0.2,.009,,-2.1,-1.1,-3.2,-0.4
357,Sviatoslav Mykhailiuk\mykhasv01,SF,23,DET,36,634,10.2,.527,.767,.135,1.9,11.2,6.5,13.5,2.1,0.8,14.2,18.9,,-0.2,0.6,0.3,.026,,-1.3,-0.8,-2.1,0.0
357,Sviatoslav Mykhailiuk\mykhasv01,SG,23,OKC,25,574,9.6,.536,.521,.084,2.2,11.9,7.0,11.1,1.3,0.8,16.2,19.7,,-0.5,0.4,-0.1,-0.009,,-3.0,-1.4,-4.4,-0.3
358,Abdel Nader\naderab01,SF,27,PHO,24,355,13.4,.605,.371,.319,2.3,17.2,9.8,7.4,1.4,2.3,12.6,19.0,,0.3,0.5,0.7,.100,,-1.2,0.8,-0.4,0.2
359,Larry Nance Jr.\nancela02,PF,28,CLE,35,1091,13.2,.557,.419,.180,5.4,19.2,12.1,14.3,2.8,1.4,15.8,14.0,,0.6,1.3,1.9,.083,,-1.1,1.7,0.6,0.7
360,Aaron Nesmith\nesmiaa01,SF,21,BOS,39,535,9.0,.576,.650,.146,4.6,15.7,10.1,3.5,1.2,1.6,12.1,13.3,,0.3,0.5,0.7,.067,,-2.9,-0.3,-3.2,-0.2
361,Raul Neto\netora01,PG,28,WAS,58,1231,12.9,.570,.372,.173,2.2,10.2,6.2,14.1,2.4,0.3,10.1,16.1,,1.2,1.2,2.4,.093,,-1.5,0.6,-0.9,0.4
362,Georges Niang\niangge01,PF,27,UTA,64,971,10.4,.587,.731,.039,3.0,13.7,8.6,7.3,0.9,0.7,11.9,17.2,,0.7,1.2,1.8,.091,,-1.1,-0.1,-1.1,0.2
363,Zeke Nnaji\nnajize01,PF,20,DEN,40,363,10.5,.600,.558,.158,4.1,14.0,9.1,2.9,0.8,1.1,6.4,13.1,,0.4,0.3,0.7,.092,,-1.2,-1.7,-2.9,-0.1
364,Nerlens Noel\noelne01,C,26,NYK,57,1352,15.0,.631,.015,.302,10.6,18.9,14.7,4.6,2.2,8.8,21.0,9.5,,1.4,3.1,4.5,.159,,-2.4,3.4,1.1,1.0
365,Jaylen Nowell\nowelja01,SG,21,MIN,38,714,12.6,.530,.437,.160,2.6,11.2,6.8,12.8,1.4,1.2,7.3,21.6,,0.3,0.3,0.6,.042,,-1.4,-1.7,-3.1,-0.2
366,Frank Ntilikina\ntilila01,PG,22,NYK,26,266,7.4,.514,.585,.246,2.1,8.1,5.1,7.7,2.8,0.7,12.2,13.7,,0.0,0.4,0.4,.065,,-5.3,1.8,-3.4,-0.1
367,Kendrick Nunn\nunnke01,PG,25,MIA,50,1473,13.9,.592,.497,.089,1.4,10.7,6.1,15.2,1.7,0.9,10.9,20.8,,1.0,1.5,2.5,.082,,-0.4,-0.1,-0.5,0.5
368,James Nunnally\nunnaja01,SF,30,NOP,4,25,12.2,.688,.875,.000,4.4,13.1,8.8,0.0,0.0,0.0,11.1,15.2,,0.0,0.0,0.0,.068,,0.5,-2.0,-1.5,0.0
369,Jusuf Nurkić\nurkiju01,C,26,POR,29,677,19.3,.554,.104,.345,9.5,30.4,19.6,20.9,2.0,3.4,17.1,21.9,,0.8,0.9,1.6,.117,,-0.4,1.4,1.0,0.5
370,David Nwaba\nwabada01,SF,28,HOU,30,679,14.5,.557,.289,.312,6.0,12.7,9.2,7.0,2.1,2.8,6.4,16.6,,0.7,0.7,1.4,.100,,-1.3,1.0,-0.3,0.3
371,Jordan Nwora\nworajo01,SF,22,MIL,26,230,14.7,.579,.486,.193,1.9,17.6,10.1,4.3,2.9,1.9,14.5,25.2,,-0.1,0.4,0.3,.060,,-1.6,-0.4,-2.0,0.0
372,Royce O'Neale\onealro01,SF,27,UTA,63,2005,9.8,.601,.713,.122,4.2,18.5,11.7,10.3,1.2,1.2,16.5,9.4,,2.1,2.9,5.0,.121,,-1.3,1.7,0.4,1.2
373,Semi Ojeleye\ojelese01,PF,26,BOS,51,884,8.2,.555,.721,.157,3.5,13.5,8.5,5.2,0.8,0.0,8.4,11.6,,0.7,0.5,1.2,.063,,-1.5,-1.3,-2.7,-0.2
374,Jahlil Okafor\okafoja01,C,25,DET,20,228,12.8,.635,.094,.188,6.3,13.8,10.0,8.4,0.9,1.5,14.8,15.5,,0.2,0.2,0.4,.085,,-2.1,-0.8,-2.9,-0.1
375,Chuma Okeke\okekech01,PF,22,ORL,45,1133,11.8,.511,.435,.123,3.7,13.3,8.3,13.2,2.1,1.8,10.0,14.5,,0.3,1.1,1.4,.060,,-1.8,0.4,-1.4,0.2
376,Josh Okogie\okogijo01,SG,22,MIN,52,1090,9.3,.528,.425,.408,5.2,8.9,7.0,7.1,2.1,1.8,11.6,12.0,,0.5,0.7,1.2,.053,,-3.8,0.2,-3.6,-0.4
377,Onyeka Okongwu\okongon01,C,20,ATL,43,500,14.5,.639,.026,.412,9.8,17.8,13.8,2.9,1.8,5.0,14.6,13.7,,0.7,0.7,1.3,.129,,-3.4,0.8,-2.6,-0.1
378,Isaac Okoro\okorois01,SG,20,CLE,59,1875,7.4,.516,.392,.278,3.5,6.8,5.1,7.7,1.6,1.1,13.5,13.3,,-0.2,1.0,0.8,.020,,-4.4,-0.7,-5.1,-1.5
379,KZ Okpala\okpalkz01,PF,21,MIA,33,389,3.7,.408,.565,.118,5.3,12.0,8.7,5.7,1.0,2.2,12.7,11.9,,-0.4,0.4,-0.1,-0.007,,-7.0,-0.9,-7.9,-0.6
380,Victor Oladipo\oladivi01,SG,28,TOT,33,1080,14.5,.512,.415,.240,1.2,15.1,8.0,23.1,2.0,1.2,11.5,28.5,,-0.6,1.1,0.5,.021,,-0.6,-0.9,-1.5,0.1
380,Victor Oladipo\oladivi01,SG,28,IND,9,300,15.6,.535,.454,.243,0.4,18.0,9.2,18.9,2.4,0.5,9.7,26.5,,0.1,0.4,0.4,.065,,1.5,-0.8,0.6,0.2
380,Victor Oladipo\oladivi01,SG,28,HOU,20,669,15.0,.508,.402,.218,1.2,14.4,7.5,25.6,1.7,1.3,10.9,29.8,,-0.3,0.5,0.2,.015,,-0.3,-0.7,-1.0,0.2
380,Victor Oladipo\oladivi01,SG,28,MIA,4,111,8.1,.471,.395,.419,3.1,11.0,7.2,19.2,3.1,1.9,21.6,26.4,,-0.3,0.2,-0.1,-0.059,,-8.1,-2.0,-10.1,-0.2
381,Kelly Olynyk\olynyke01,C-PF,29,TOT,64,1817,15.3,.608,.552,.191,4.7,22.0,13.3,13.8,1.8,2.0,13.9,18.8,,1.8,2.5,4.2,.112,,-0.3,0.8,0.5,1.2
381,Kelly Olynyk\olynyke01,C,29,MIA,43,1157,12.1,.549,.646,.106,4.4,20.9,12.8,11.9,1.7,2.4,12.3,17.5,,0.2,1.7,1.9,.080,,-1.6,0.7,-0.9,0.3
381,Kelly Olynyk\olynyke01,PF,29,HOU,21,660,21.0,.691,.405,.322,5.1,24.0,14.2,17.2,2.0,1.5,16.1,21.2,,1.5,0.8,2.3,.168,,2.0,1.0,3.0,0.8
382,Miye Oni\onimi01,SG,23,UTA,46,418,6.4,.519,.885,.069,5.0,13.1,9.2,6.5,0.8,1.5,14.3,10.8,,0.1,0.5,0.6,.074,,-3.3,0.7,-2.6,-0.1
383,Cedi Osman\osmande01,SF,25,CLE,54,1344,10.5,.482,.559,.167,2.9,12.5,7.6,17.1,1.8,0.6,10.3,20.3,,-0.4,1.0,0.6,.022,,-1.8,-0.8,-2.6,-0.2
384,Daniel Oturu\oturuda01,C,21,LAC,25,103,13.2,.555,.036,.286,12.3,18.1,15.3,9.3,0.5,2.6,13.7,15.7,,0.1,0.1,0.2,.112,,-2.9,-1.5,-4.4,-0.1
385,Kelly Oubre Jr.\oubreke01,SF,25,GSW,55,1687,13.3,.529,.394,.244,5.2,15.4,10.4,6.5,1.6,2.2,8.0,22.1,,0.0,2.1,2.1,.059,,-1.5,-0.6,-2.1,-0.1
386,Jabari Parker\parkeja01,PF,25,TOT,9,103,13.0,.561,.152,.121,7.5,19.7,13.5,10.0,0.5,3.6,16.8,17.4,,0.0,0.1,0.1,.051,,-2.0,0.0,-2.0,0.0
386,Jabari Parker\parkeja01,PF,25,SAC,3,27,5.1,.571,.143,.000,4.1,21.0,12.4,5.0,0.0,3.1,30.0,15.9,,0.0,0.0,0.0,-0.080,,-7.5,-1.3,-8.8,0.0
386,Jabari Parker\parkeja01,PF,25,BOS,6,76,15.8,.558,.154,.154,8.8,19.2,13.9,11.7,0.6,3.7,12.6,18.0,,0.1,0.1,0.2,.098,,0.0,0.5,0.5,0.0
387,Eric Paschall\pascher01,PF,24,GSW,39,676,13.3,.555,.181,.304,4.3,15.1,9.7,11.8,0.8,0.9,11.0,23.6,,0.2,0.6,0.8,.057,,-1.7,-1.5,-3.1,-0.2
388,Anžejs Pasečņiks\pasecan01,C,25,WAS,1,6,-40.7,.000,1.000,.000,17.8,0.0,8.9,18.9,0.0,0.0,83.3,41.5,,-0.1,0.0,-0.1,-1.116,,-40.1,-7.1,-47.1,-0.1
389,Patrick Patterson\pattepa01,PF,31,LAC,36,510,10.7,.572,.683,.110,3.6,11.2,7.5,5.8,1.3,1.4,6.7,14.1,,0.5,0.5,1.0,.094,,-0.5,-0.2,-0.7,0.2
390,Justin Patton\pattoju01,C,23,HOU,13,247,11.7,.488,.486,.057,5.8,15.7,10.5,8.2,2.3,5.1,5.3,13.1,,0.1,0.3,0.4,.081,,-3.8,1.7,-2.0,0.0
391,Chris Paul\paulch01,PG,35,PHO,63,1986,20.9,.594,.301,.207,1.4,14.6,8.1,40.1,2.2,0.7,14.3,22.4,,5.5,2.6,8.1,.197,,3.1,1.3,4.4,3.2
392,Cameron Payne\payneca01,PG,26,PHO,52,907,15.8,.574,.419,.143,1.9,13.3,7.7,27.9,1.6,1.3,13.6,19.4,,1.5,1.1,2.6,.137,,0.7,0.8,1.4,0.8
393,Elfrid Payton\paytoel01,PG,26,NYK,55,1364,12.8,.489,.162,.176,5.1,10.3,7.7,21.7,1.6,0.6,12.9,23.4,,-0.3,1.7,1.3,.047,,-2.1,-0.6,-2.7,-0.2
394,Gary Payton II\paytoga02,PG,28,GSW,10,40,29.3,.847,.308,.308,5.4,23.7,14.6,4.1,7.0,2.2,6.3,16.8,,0.2,0.1,0.3,.328,,0.5,9.0,9.5,0.1
395,Norvel Pelle\pelleno01,C,27,TOT,10,63,10.5,.512,.000,.462,10.8,17.1,14.0,1.8,0.8,8.8,16.1,12.9,,0.0,0.1,0.1,.080,,-4.4,1.3,-3.1,0.0
395,Norvel Pelle\pelleno01,C,27,BRK,3,28,2.1,.429,.000,.000,12.4,15.2,13.9,0.0,0.0,9.4,30.0,15.5,,-0.1,0.0,0.0,-0.068,,-9.8,0.1,-9.7,-0.1
395,Norvel Pelle\pelleno01,C,27,SAC,1,4,30.2,.543,.000,4.000,27.5,0.0,14.0,28.1,0.0,0.0,0.0,29.7,,0.0,0.0,0.0,.370,,6.3,-4.9,1.4,0.0
395,Norvel Pelle\pelleno01,C,27,NYK,6,31,15.5,.595,.000,.400,7.1,20.9,14.1,0.0,1.6,9.3,0.0,8.4,,0.0,0.1,0.1,.177,,-0.9,3.1,2.2,0.0
396,Reggie Perry\perryre01,PF,20,BRK,23,203,12.0,.477,.276,.171,14.9,22.5,18.9,9.4,1.4,2.6,14.6,20.5,,0.0,0.2,0.2,.052,,-4.3,-1.5,-5.8,-0.2
397,Theo Pinson\pinsoth01,SG,25,NYK,16,33,-8.7,.111,.889,.000,0.0,13.1,6.6,3.8,0.0,0.0,10.0,13.4,,-0.2,0.0,-0.1,-0.215,,-13.8,-3.2,-17.0,-0.1
398,Mason Plumlee\plumlma01,C,30,DET,55,1474,18.5,.637,.019,.454,10.6,28.3,19.4,20.8,1.4,2.8,18.9,16.3,,2.9,2.1,5.0,.163,,0.2,1.8,2.0,1.5
399,Jakob Poeltl\poeltja01,C,25,SAS,61,1624,17.5,.623,.000,.318,12.9,19.1,15.9,9.7,1.2,5.6,16.0,13.4,,2.8,2.3,5.2,.153,,-0.5,1.0,0.5,1.0
400,Vincent Poirier\poirivi01,C,27,PHI,10,39,1.6,.273,.083,.500,17.2,22.2,19.7,6.6,0.0,6.9,21.5,20.5,,-0.2,0.1,-0.1,-0.126,,-11.4,-3.2,-14.6,-0.1
401,Aleksej Pokusevski\pokusal01,PF,19,OKC,41,959,6.1,.412,.514,.094,3.1,17.6,10.3,13.3,0.9,3.7,17.6,20.1,,-2.5,0.9,-1.6,-0.081,,-5.2,-0.5,-5.7,-0.9
402,Jordan Poole\poolejo01,SG,21,GSW,43,800,13.9,.559,.568,.225,1.2,8.2,4.7,16.2,1.4,0.8,8.9,24.6,,0.5,0.7,1.2,.071,,0.1,-1.4,-1.3,0.2
403,Jontay Porter\portejo01,PF,21,MEM,9,27,4.5,.486,.700,.300,7.7,31.9,19.6,4.8,3.5,0.0,30.6,25.5,,-0.1,0.1,-0.1,-0.095,,-9.5,-0.3,-9.8,-0.1
404,Kevin Porter Jr.\porteke02,SG,20,HOU,25,812,12.6,.527,.441,.254,2.5,10.7,6.4,31.3,1.1,0.9,18.4,25.3,,-0.3,0.4,0.1,.005,,-1.4,-2.3,-3.7,-0.3
405,Michael Porter Jr.\portemi01,SF,22,DEN,54,1702,20.6,.661,.456,.172,5.8,21.3,13.6,5.3,0.9,3.1,7.7,21.4,,4.4,1.9,6.2,.176,,3.9,-1.0,2.9,2.1
406,Otto Porter\porteot01,SF-PF,27,TOT,28,606,14.5,.552,.458,.185,5.2,22.5,13.9,12.9,1.3,0.6,9.2,19.3,,0.6,0.6,1.2,.098,,0.0,-0.5,-0.6,0.2
406,Otto Porter\porteot01,SF,27,CHI,25,540,14.8,.566,.470,.183,5.9,22.5,14.3,13.0,1.1,0.6,10.3,19.5,,0.6,0.5,1.2,.104,,0.6,-0.9,-0.3,0.2
406,Otto Porter\porteot01,PF,27,ORL,3,66,11.8,.441,.360,.200,0.0,23.0,11.1,11.5,3.0,0.0,0.0,17.8,,0.0,0.1,0.1,.053,,-5.3,2.3,-2.9,0.0
407,Bobby Portis\portibo01,C,25,MIL,59,1251,19.8,.604,.267,.113,9.3,25.5,17.7,7.6,1.8,1.6,8.4,20.5,,2.6,1.9,4.5,.172,,2.0,-0.4,1.6,1.1
408,Kristaps Porziņģis\porzikr01,C,25,DAL,40,1245,21.2,.578,.380,.208,6.9,24.9,16.0,8.5,0.8,4.3,6.8,26.7,,2.3,1.6,3.9,.149,,2.7,-0.7,1.9,1.2
409,Dwight Powell\poweldw01,C,29,DAL,50,765,15.8,.661,.130,.654,9.0,16.9,13.0,6.7,1.9,2.3,13.3,13.9,,1.8,0.9,2.7,.169,,-1.4,1.1,-0.3,0.3
410,Norman Powell\powelno01,SG-SF,27,TOT,62,1956,16.6,.623,.456,.297,2.0,8.6,5.2,9.5,1.9,0.8,10.6,23.1,,3.1,1.2,4.3,.106,,1.0,-0.6,0.4,1.2
410,Norman Powell\powelno01,SG,27,TOR,42,1277,17.7,.645,.475,.288,1.6,9.5,5.4,9.9,1.8,0.6,10.8,24.2,,2.3,0.9,3.2,.122,,1.8,-0.6,1.2,1.0
410,Norman Powell\powelno01,SF,27,POR,20,679,14.5,.575,.414,.318,2.7,6.8,4.7,8.7,2.1,1.1,10.3,21.0,,0.8,0.3,1.1,.075,,-0.5,-0.6,-1.2,0.1
411,Taurean Prince\princta02,PF,26,TOT,41,905,12.1,.540,.474,.232,2.3,15.4,8.8,12.6,1.5,2.3,11.5,19.6,,0.3,0.8,1.0,.055,,-1.2,-0.8,-2.0,0.0
411,Taurean Prince\princta02,PF,26,BRK,12,218,11.7,.565,.500,.365,1.1,15.6,8.7,4.3,1.8,3.2,11.4,19.3,,0.1,0.2,0.3,.063,,-2.7,-0.2,-2.9,0.0
411,Taurean Prince\princta02,PF,26,CLE,29,687,12.2,.532,.466,.194,2.7,15.3,8.8,15.3,1.4,2.0,11.6,19.7,,0.2,0.6,0.8,.053,,-0.8,-0.9,-1.7,0.0
412,Payton Pritchard\pritcpa01,SG,23,BOS,59,1142,12.4,.596,.581,.118,3.0,10.5,6.7,13.1,1.4,0.7,11.8,16.3,,1.6,0.8,2.3,.099,,-0.5,-0.7,-1.2,0.2
413,Immanuel Quickley\quickim01,PG,21,NYK,59,1153,16.5,.558,.519,.296,2.3,9.9,6.1,17.3,1.3,1.0,8.0,25.8,,1.9,1.3,3.2,.135,,1.9,-0.7,1.2,0.9
414,Jahmi'us Ramsey\ramseja01,SG,19,SAC,7,26,19.7,.583,.583,.000,4.2,17.5,10.7,17.5,1.8,3.3,7.7,21.5,,0.0,0.0,0.1,.106,,2.8,-1.2,1.6,0.0
415,Chasson Randle\randlch01,PG,27,ORL,33,638,6.4,.503,.566,.168,0.6,9.2,4.7,13.8,1.2,0.3,16.6,15.1,,-0.5,0.3,-0.1,-0.010,,-5.3,-1.4,-6.7,-0.8
416,Julius Randle\randlju01,PF,26,NYK,63,2356,20.3,.575,.292,.324,3.7,26.2,15.0,26.8,1.3,0.7,13.9,28.9,,3.6,3.8,7.4,.151,,3.2,0.8,4.0,3.6
417,Cam Reddish\reddica01,SF,21,ATL,26,750,9.4,.488,.479,.312,3.3,11.8,7.6,6.6,2.2,1.1,10.2,19.3,,-0.3,0.7,0.4,.024,,-3.2,-0.4,-3.6,-0.3
418,J.J. Redick\redicjj01,SG,36,TOT,41,702,10.4,.570,.659,.194,0.6,9.2,4.9,9.8,0.8,0.4,10.8,19.1,,0.5,0.2,0.7,.051,,-1.2,-2.1,-3.3,-0.2
418,J.J. Redick\redicjj01,SG,36,NOP,31,576,11.0,.575,.654,.220,0.6,9.3,5.0,9.5,0.8,0.3,9.6,19.0,,0.6,0.2,0.8,.064,,-1.0,-2.0,-3.0,-0.1
418,J.J. Redick\redicjj01,SG,36,DAL,10,126,7.4,.541,.682,.068,0.9,8.6,4.8,11.1,0.8,0.7,16.6,19.1,,-0.1,0.1,0.0,-0.007,,-2.2,-2.2,-4.5,-0.1
419,Paul Reed\reedpa01,PF,21,PHI,21,136,18.5,.528,.107,.071,16.4,18.3,17.4,8.1,2.5,7.9,14.8,21.4,,0.0,0.3,0.3,.122,,-3.2,1.6,-1.7,0.0
420,Naz Reid\reidna01,C,21,MIN,63,1207,18.1,.600,.297,.295,6.0,19.9,12.7,8.7,1.2,4.8,9.6,22.6,,1.7,1.1,2.8,.110,,-0.2,-0.4,-0.7,0.4
421,Cameron Reynolds\reynoca01,SF,25,SAS,3,6,6.2,.500,.000,.000,0.0,0.0,0.0,0.0,0.0,0.0,0.0,14.5,,0.0,0.0,0.0,-0.013,,-6.1,-3.2,-9.3,0.0
422,Nick Richards\richani01,PF,23,CHO,17,61,5.1,.584,.125,1.375,3.5,12.6,8.0,4.3,0.0,0.0,18.9,11.2,,0.0,0.0,0.0,.026,,-6.2,-2.3,-8.5,-0.1
423,Josh Richardson\richajo01,SG,27,DAL,51,1605,11.3,.534,.449,.187,3.0,9.1,6.1,12.2,1.5,1.3,11.1,17.9,,0.8,1.2,2.0,.060,,-1.7,-0.6,-2.3,-0.1
424,Grant Riller\rillegr01,PG,23,CHO,5,21,24.6,.778,.444,.000,0.0,0.0,0.0,26.2,2.3,0.0,10.0,20.6,,0.1,0.0,0.1,.201,,5.7,1.3,7.0,0.0
425,Austin Rivers\riverau01,SG,28,TOT,28,615,8.8,.515,.583,.106,1.1,9.6,5.4,13.1,1.6,0.3,11.7,15.3,,0.1,0.6,0.7,.055,,-2.8,-0.4,-3.2,-0.2
425,Austin Rivers\riverau01,SG,28,NYK,21,442,9.5,.545,.570,.104,1.2,10.3,5.8,13.8,1.4,0.0,13.5,16.4,,0.1,0.5,0.6,.064,,-2.3,-0.7,-3.0,-0.1
425,Austin Rivers\riverau01,SG,28,DEN,7,173,7.0,.424,.622,.111,0.7,7.8,4.3,11.5,2.3,1.1,6.0,12.7,,0.0,0.2,0.1,.033,,-4.1,0.3,-3.8,-0.1
426,Andre Roberson\roberan03,SG,29,BRK,5,63,4.2,.202,.571,.143,12.9,13.5,13.2,7.4,2.3,1.4,11.8,11.6,,-0.1,0.1,-0.1,-0.043,,-5.1,-1.2,-6.2,-0.1
427,Duncan Robinson\robindu01,SF,26,MIA,65,2063,10.7,.624,.857,.099,0.3,12.0,6.3,8.2,0.8,0.8,9.6,16.4,,1.6,1.7,3.3,.076,,-0.3,-0.9,-1.3,0.4
428,Glenn Robinson III\robingl02,SF,27,SAC,23,369,9.1,.554,.444,.232,3.3,10.5,6.8,7.0,0.5,0.7,9.2,14.0,,0.3,-0.1,0.2,.026,,-1.9,-2.8,-4.6,-0.2
429,Jerome Robinson\robinje01,SG,23,WAS,17,305,4.1,.400,.442,.211,1.4,11.8,6.6,10.4,1.8,1.7,15.5,16.7,,-0.7,0.3,-0.4,-0.056,,-6.5,-1.1,-7.6,-0.4
430,Justin Robinson\robinju01,PG,23,OKC,9,88,6.0,.453,.667,.238,1.2,7.2,4.1,14.1,1.6,0.0,7.9,12.2,,0.0,0.0,0.0,.023,,-6.2,-1.3,-7.6,-0.1
431,Mitchell Robinson\robinmi01,C,22,NYK,31,853,17.7,.642,.000,.301,14.5,17.6,16.1,2.9,2.1,5.1,11.5,11.7,,1.8,1.6,3.4,.192,,-0.3,1.1,0.9,0.6
432,Isaiah Roby\robyis01,PF,22,OKC,54,1269,12.9,.567,.248,.287,6.9,18.9,12.8,12.1,1.8,2.3,19.0,17.8,,0.1,1.4,1.6,.059,,-3.0,0.5,-2.6,-0.2
433,Rajon Rondo\rondora01,PG,34,TOT,39,646,12.6,.524,.408,.060,2.5,12.6,7.6,34.1,2.4,0.5,24.1,16.9,,0.3,0.7,1.0,.071,,-1.2,0.3,-0.9,0.2
433,Rajon Rondo\rondora01,PG,34,ATL,27,402,9.9,.478,.409,.018,1.1,13.7,7.5,32.8,2.3,0.4,26.0,16.2,,-0.2,0.4,0.1,.017,,-2.8,0.1,-2.7,-0.1
433,Rajon Rondo\rondora01,PG,34,LAC,12,244,16.9,.590,.405,.122,4.7,10.8,7.8,36.2,2.4,0.7,21.2,17.9,,0.5,0.3,0.8,.159,,1.5,0.7,2.1,0.3
434,Derrick Rose\rosede01,PG,32,TOT,43,1077,17.7,.534,.212,.223,1.6,8.9,5.3,28.0,2.0,1.6,10.2,25.8,,1.1,1.3,2.4,.107,,0.8,0.0,0.9,0.8
434,Derrick Rose\rosede01,PG,32,DET,15,342,17.1,.517,.212,.272,1.9,7.6,4.7,32.6,2.6,1.0,12.3,30.0,,0.1,0.3,0.4,.053,,1.2,-0.8,0.4,0.2
434,Derrick Rose\rosede01,PG,32,NYK,28,735,17.9,.544,.211,.196,1.5,9.6,5.6,25.9,1.8,1.8,8.9,23.8,,1.1,1.0,2.0,.133,,0.7,0.4,1.1,0.6
435,Terrence Ross\rosste01,SG,29,ORL,46,1347,13.3,.530,.429,.224,1.1,11.5,6.1,13.2,1.7,1.4,9.9,24.1,,-0.1,1.1,1.0,.035,,-1.3,-1.1,-2.4,-0.1
436,Terry Rozier\roziete01,SG,26,CHO,61,2077,17.4,.585,.514,.173,1.9,11.7,6.8,19.6,1.7,1.2,9.6,24.4,,3.1,1.7,4.8,.111,,2.6,-0.9,1.7,2.0
437,Ricky Rubio\rubiori01,PG,30,MIN,61,1595,13.5,.513,.416,.320,1.6,12.3,6.7,34.1,2.7,0.2,17.0,15.9,,1.6,1.1,2.7,.081,,-2.2,0.0,-2.2,-0.1
438,D'Angelo Russell\russeda01,PG,24,MIN,35,977,17.2,.556,.472,.207,1.2,8.6,4.8,33.0,1.7,1.2,14.0,29.8,,0.6,0.4,1.0,.048,,2.8,-1.9,0.9,0.7
439,Domantas Sabonis\sabondo01,PF,24,IND,54,1922,19.9,.593,.183,.390,7.6,28.1,17.9,25.8,1.5,1.2,16.7,24.3,,3.1,2.5,5.6,.140,,2.1,1.1,3.2,2.5
440,Luka Šamanić\samanlu01,PF,21,SAS,28,265,9.0,.508,.446,.289,5.5,18.3,11.8,6.8,1.3,2.2,14.6,18.0,,-0.2,0.3,0.1,.020,,-5.0,-0.8,-5.8,-0.3
441,JaKarr Sampson\sampsja02,PF,27,IND,25,261,9.2,.510,.141,.294,9.2,18.2,13.7,1.6,0.4,4.1,12.7,18.0,,-0.1,0.3,0.1,.025,,-6.1,-2.1,-8.2,-0.4
442,Dario Šarić\saricda01,C,26,PHO,43,756,14.9,.576,.405,.272,6.4,18.5,12.5,11.0,1.6,0.5,13.4,22.9,,0.7,1.0,1.6,.103,,-1.0,-0.6,-1.6,0.1
443,Tomáš Satoranský\satorto01,SG,29,CHI,52,1199,14.0,.621,.359,.246,2.5,9.4,6.0,27.6,1.6,0.9,21.2,15.3,,1.8,1.0,2.8,.112,,-0.4,-0.1,-0.5,0.4
444,Dennis Schröder\schrode01,SG,27,LAL,59,1901,13.8,.542,.270,.320,1.8,10.3,6.1,26.9,1.7,0.6,15.9,23.0,,1.0,2.7,3.7,.093,,-1.1,0.0,-1.1,0.4
445,Mike Scott\scottmi01,PF,32,PHI,43,735,6.8,.510,.760,.069,1.4,14.4,8.0,5.3,1.5,0.8,9.1,11.6,,0.0,1.0,0.9,.061,,-3.2,0.2,-3.0,-0.2
446,Collin Sexton\sextoco01,SG,22,CLE,52,1854,18.1,.578,.242,.325,3.0,7.0,4.9,21.0,1.5,0.4,11.4,29.2,,2.4,0.9,3.3,.086,,1.8,-1.8,0.0,0.9
447,Landry Shamet\shamela01,SG,23,BRK,54,1220,10.8,.589,.729,.176,0.9,8.0,4.6,9.1,1.1,0.6,9.5,17.3,,1.2,0.5,1.7,.067,,-0.9,-1.4,-2.3,-0.1
448,Iman Shumpert\shumpim01,SG,30,BRK,2,11,-0.3,.250,.750,.000,10.6,0.0,5.0,0.0,4.4,0.0,20.0,19.7,,-0.1,0.0,0.0,-0.210,,-10.2,-2.7,-13.0,0.0
449,Pascal Siakam\siakapa01,PF,26,TOR,53,1892,17.7,.548,.260,.318,5.1,17.6,11.2,20.4,1.5,2.0,10.6,25.9,,2.4,1.9,4.3,.109,,0.8,-0.4,0.4,1.1
450,Chris Silva\silvach01,PF,24,TOT,15,92,11.5,.708,.063,.938,8.8,24.3,16.6,9.4,0.5,6.6,30.7,15.9,,0.1,0.1,0.2,.102,,-6.2,0.8,-5.5,-0.1
450,Chris Silva\silvach01,PF,24,MIA,11,83,13.4,.765,.077,1.154,9.8,24.1,17.1,10.4,0.6,6.3,31.5,15.5,,0.1,0.1,0.2,.138,,-5.0,1.2,-3.8,0.0
450,Chris Silva\silvach01,PF,24,SAC,4,9,-5.9,.333,.000,.000,0.0,25.2,12.4,0.0,0.0,9.4,25.0,19.1,,-0.1,0.0,0.0,-0.227,,-17.9,-3.1,-21.0,0.0
451,Ben Simmons\simmobe01,PG,24,PHI,52,1697,18.3,.580,.019,.517,5.7,19.1,12.5,31.2,2.4,1.8,20.0,20.5,,2.2,3.0,5.2,.148,,0.7,1.9,2.6,2.0
452,Anfernee Simons\simonan01,SG,21,POR,56,934,13.7,.600,.708,.142,1.3,12.7,6.8,12.8,0.9,0.7,9.1,19.3,,1.6,0.2,1.8,.092,,1.5,-1.6,-0.1,0.4
453,Deividas Sirvydis\sirvyde01,SG,20,DET,16,49,3.6,.430,.778,.222,0.0,25.3,12.5,5.9,1.0,0.0,13.2,20.2,,-0.1,0.0,-0.1,-0.071,,-7.5,-2.1,-9.6,-0.1
454,Alen Smailagić\smailal01,PF,20,GSW,11,50,10.9,.430,.278,.222,6.4,16.9,11.7,8.4,1.9,7.1,4.8,17.7,,0.0,0.1,0.0,.042,,-3.5,0.7,-2.8,0.0
455,Marcus Smart\smartma01,PG,26,BOS,44,1453,14.5,.547,.560,.336,2.6,9.1,5.8,23.7,2.3,1.4,13.1,18.5,,2.1,1.3,3.5,.115,,0.1,0.0,0.2,0.8
456,Dennis Smith Jr.\smithde03,PG,23,TOT,23,420,13.6,.492,.400,.179,3.1,11.5,7.3,27.9,2.7,2.9,14.3,19.0,,0.1,0.5,0.6,.071,,-1.3,1.5,0.2,0.2
456,Dennis Smith Jr.\smithde03,PG,23,NYK,3,28,6.9,.356,.400,.600,0.0,7.7,3.9,14.3,5.4,0.0,7.3,21.6,,-0.1,0.1,0.0,-0.012,,-8.2,3.9,-4.3,0.0
456,Dennis Smith Jr.\smithde03,PG,23,DET,20,392,14.1,.504,.400,.148,3.4,11.8,7.5,28.9,2.5,3.1,14.8,18.8,,0.1,0.5,0.6,.077,,-0.8,1.3,0.5,0.3
457,Ish Smith\smithis01,PG,32,WAS,36,738,11.4,.463,.166,.127,2.5,14.2,8.3,26.7,1.6,1.3,13.0,15.6,,0.1,0.7,0.8,.051,,-2.0,0.2,-1.9,0.0
458,Jalen Smith\smithja04,PF,20,PHO,23,94,6.8,.466,.364,.091,7.3,16.5,12.0,2.9,0.5,1.9,12.7,18.6,,-0.1,0.1,0.0,-0.014,,-4.6,-1.5,-6.2,-0.1
459,Tony Snell\snellto01,SG,29,ATL,42,884,9.9,.718,.675,.071,2.0,10.0,6.1,8.4,0.6,1.1,10.7,8.8,,1.5,0.4,1.9,.102,,-0.2,-0.3,-0.5,0.4
460,Ray Spalding\spaldra01,C,23,HOU,2,19,0.8,.410,.250,.500,10.7,11.7,11.2,0.0,0.0,9.5,38.1,17.7,,-0.1,0.0,-0.1,-0.180,,-8.9,-1.4,-10.4,0.0
461,Cassius Stanley\stanlca01,SG,21,IND,20,67,7.6,.416,.273,.212,9.7,16.1,13.0,2.1,0.0,2.4,2.7,23.6,,-0.1,0.0,0.0,-0.023,,-6.5,-4.3,-10.8,-0.1
462,Lamar Stevens\stevela01,PF,23,CLE,40,499,10.5,.521,.184,.375,5.3,16.7,10.8,7.4,1.7,2.3,12.7,15.9,,0.0,0.5,0.5,.047,,-4.0,0.0,-4.0,-0.3
463,Isaiah Stewart\stewais01,C,19,DET,62,1281,16.8,.614,.106,.221,12.8,22.9,17.8,6.3,1.3,5.1,13.7,15.1,,1.9,1.8,3.7,.140,,-1.4,0.5,-0.9,0.4
464,Max Strus\strusma01,SF,24,MIA,35,452,11.5,.589,.795,.108,1.3,7.6,4.5,7.3,1.1,0.2,3.9,18.0,,0.4,0.3,0.8,.082,,-0.5,-1.6,-2.2,0.0
465,Edmond Sumner\sumneed01,SG,25,IND,50,802,13.1,.629,.323,.297,2.3,9.6,6.0,8.1,1.8,1.0,13.4,18.3,,0.8,0.6,1.4,.084,,-2.0,-0.4,-2.5,-0.1
466,Jae'Sean Tate\tateja01,SF,25,HOU,65,1909,13.9,.580,.308,.227,6.6,13.0,9.7,12.1,2.1,1.6,12.1,15.9,,2.1,1.7,3.8,.097,,-1.7,0.6,-1.0,0.5
467,Jayson Tatum\tatumja01,SF,22,BOS,58,2082,21.3,.578,.363,.256,2.3,20.6,11.4,20.7,1.6,1.1,10.5,30.8,,3.9,2.1,6.0,.139,,4.2,-0.4,3.8,3.0
468,Jeff Teague\teaguje01,PG,32,TOT,49,861,11.7,.550,.294,.357,1.7,8.6,5.2,18.1,1.6,1.1,15.6,17.2,,0.7,0.7,1.3,.075,,-2.1,-0.5,-2.6,-0.1
468,Jeff Teague\teaguje01,PG,32,BOS,34,616,11.4,.542,.298,.324,1.8,8.6,5.2,16.2,2.1,1.1,15.4,17.7,,0.3,0.5,0.8,.064,,-2.4,-0.2,-2.5,-0.1
468,Jeff Teague\teaguje01,PG,32,MIL,15,245,12.4,.573,.281,.453,1.3,8.7,5.1,22.8,0.4,1.1,16.3,15.7,,0.4,0.1,0.5,.103,,-1.4,-1.2,-2.6,0.0
469,Garrett Temple\templga01,SG,34,CHI,48,1305,8.4,.534,.536,.130,2.0,9.2,5.6,10.9,1.4,1.5,12.9,13.4,,0.2,1.1,1.3,.049,,-3.2,-0.2,-3.4,-0.5
470,Tyrell Terry\terryty01,PG,20,DAL,11,56,6.0,.318,.438,.188,0.0,11.6,5.9,14.1,4.4,0.0,10.4,15.3,,-0.1,0.1,-0.1,-0.049,,-7.7,2.2,-5.5,-0.1
471,Daniel Theis\theisda01,C,28,TOT,61,1485,15.0,.610,.329,.234,6.2,18.4,12.3,9.7,1.2,3.4,11.3,15.7,,2.3,1.6,3.9,.125,,-0.6,0.4,-0.2,0.7
471,Daniel Theis\theisda01,C,28,BOS,42,1027,15.1,.625,.330,.233,5.8,18.1,11.9,9.3,1.2,3.9,11.4,15.0,,1.7,1.1,2.9,.135,,-0.5,0.7,0.2,0.6
471,Daniel Theis\theisda01,C,28,CHI,19,458,14.8,.579,.327,.238,6.9,19.0,13.0,10.5,1.2,2.1,11.0,17.2,,0.5,0.5,1.0,.104,,-0.8,-0.2,-1.0,0.1
472,Brodric Thomas\thomabr01,SG,24,TOT,24,215,6.0,.449,.569,.415,2.5,10.7,6.5,11.7,1.8,2.9,18.1,19.0,,-0.4,0.2,-0.2,-0.044,,-5.7,-0.5,-6.2,-0.2
472,Brodric Thomas\thomabr01,SG,24,HOU,4,24,7.3,.496,.857,1.000,4.3,13.9,8.9,22.9,2.0,3.7,28.4,25.0,,-0.1,0.0,0.0,-0.059,,-6.9,-0.5,-7.3,0.0
472,Brodric Thomas\thomabr01,SG,24,CLE,20,191,5.9,.442,.534,.345,2.3,10.3,6.2,10.3,1.8,2.8,16.3,18.2,,-0.3,0.2,-0.2,-0.043,,-5.5,-0.5,-6.0,-0.2
473,Isaiah Thomas\thomais02,PG,31,NOP,3,48,2.4,.412,.444,.074,2.3,6.8,4.6,15.0,1.0,0.0,17.7,29.8,,-0.2,0.0,-0.2,-0.180,,-8.1,-5.6,-13.8,-0.1
474,Matt Thomas\thomama02,SG,26,TOT,38,285,9.5,.552,.620,.093,1.9,11.1,6.5,7.9,0.5,0.0,10.4,19.0,,0.0,0.2,0.2,.035,,-2.5,-2.3,-4.8,-0.2
474,Matt Thomas\thomama02,SG,26,TOR,26,192,8.2,.545,.661,.113,1.7,10.6,6.0,6.7,0.5,0.0,8.4,16.0,,0.0,0.1,0.1,.030,,-2.2,-2.5,-4.7,-0.1
474,Matt Thomas\thomama02,SG,26,UTA,12,93,12.2,.560,.565,.065,2.4,12.0,7.4,10.3,0.5,0.0,12.9,25.2,,0.0,0.1,0.1,.044,,-3.0,-2.0,-5.0,-0.1
475,Tristan Thompson\thomptr01,PF,29,BOS,50,1171,14.8,.542,.010,.371,15.0,23.9,19.4,7.6,0.8,2.4,13.8,15.2,,1.5,1.2,2.7,.112,,-1.2,-1.1,-2.3,-0.1
476,Sindarius Thornwell\thornsi01,SG,26,NOP,14,73,4.5,.388,.429,.095,1.5,6.0,3.8,7.0,3.3,1.3,15.5,15.0,,-0.2,0.1,-0.1,-0.059,,-6.1,0.1,-5.9,-0.1
477,Matisse Thybulle\thybuma01,SG,23,PHI,61,1223,10.1,.509,.583,.079,2.7,7.9,5.4,6.3,3.8,4.7,10.6,9.2,,0.2,2.5,2.7,.105,,-2.7,4.2,1.5,1.1
478,Killian Tillie\tilliki02,C,22,MEM,16,129,8.2,.421,.619,.167,4.8,9.2,7.0,4.9,1.8,4.9,2.2,15.1,,0.0,0.2,0.1,.046,,-4.5,-0.4,-4.9,-0.1
479,Xavier Tillman Sr.\tillmxa01,PF,22,MEM,52,976,15.0,.602,.221,.177,7.0,18.1,12.5,9.4,2.1,2.7,10.7,14.2,,1.4,1.4,2.8,.136,,-1.2,1.1,-0.1,0.5
480,Anthony Tolliver\tollian01,PF,35,PHI,6,65,2.8,.316,.700,.600,5.2,8.3,6.8,3.7,2.2,2.7,19.2,10.3,,-0.1,0.1,0.0,-0.013,,-7.6,-0.9,-8.5,-0.1
481,Obi Toppin\toppiob01,PF,22,NYK,54,602,11.8,.558,.402,.141,4.2,17.8,11.0,6.2,1.2,1.9,10.5,16.1,,0.3,0.9,1.2,.092,,-2.2,0.1,-2.1,0.0
482,Juan Toscano-Anderson\toscaju01,SG,27,GSW,45,865,12.4,.676,.404,.180,3.2,18.9,11.1,16.8,1.7,2.3,21.6,10.9,,1.0,1.2,2.2,.123,,-1.8,1.9,0.1,0.5
483,Axel Toupane\toupaax01,SF,28,MIL,8,61,9.1,.497,.182,.636,0.0,10.0,5.2,7.6,1.5,4.4,0.0,9.7,,0.1,0.1,0.1,.101,,-4.4,1.3,-3.1,0.0
484,Karl-Anthony Towns\townska01,C,25,MIN,43,1474,23.0,.613,.355,.343,7.9,27.2,17.2,22.7,1.0,3.2,13.8,28.8,,3.2,1.4,4.6,.148,,4.0,0.4,4.4,2.4
485,Gary Trent Jr.\trentga02,SG,22,TOT,55,1699,12.3,.541,.551,.124,1.3,7.7,4.4,6.8,1.5,0.5,5.0,20.6,,1.2,0.6,1.7,.049,,-0.5,-2.1,-2.5,-0.2
485,Gary Trent Jr.\trentga02,SG,22,POR,41,1262,12.5,.550,.582,.143,1.7,6.1,3.9,6.8,1.4,0.4,5.3,20.0,,1.3,0.2,1.5,.055,,0.0,-2.4,-2.4,-0.1
485,Gary Trent Jr.\trentga02,SG,22,TOR,14,437,11.9,.516,.474,.077,0.2,12.2,6.0,6.9,1.9,0.7,4.4,22.4,,-0.1,0.4,0.3,.029,,-1.8,-1.2,-3.0,-0.1
486,P.J. Tucker\tuckepj01,PF,35,TOT,45,1214,5.8,.519,.660,.148,4.0,12.8,8.3,5.5,1.4,1.5,17.7,7.3,,0.0,0.9,1.0,.038,,-4.5,0.3,-4.2,-0.7
486,P.J. Tucker\tuckepj01,PF,35,HOU,32,959,5.5,.500,.656,.176,3.5,13.3,8.2,6.2,1.4,1.7,19.0,7.7,,-0.2,0.7,0.5,.025,,-5.1,0.3,-4.8,-0.7
486,P.J. Tucker\tuckepj01,PF,35,MIL,13,255,7.0,.604,.677,.032,6.0,10.7,8.5,3.2,1.3,0.7,11.3,5.8,,0.2,0.2,0.5,.087,,-2.3,0.1,-2.2,0.0
487,Rayjon Tucker\tuckera01,PG,23,PHI,12,49,17.6,.699,.455,1.273,2.3,17.7,10.1,13.6,2.0,0.0,14.9,17.6,,0.2,0.1,0.2,.221,,-1.5,1.4,-0.1,0.0
488,Myles Turner\turnemy01,C,24,IND,47,1455,15.4,.599,.477,.329,4.7,18.1,11.4,4.4,1.3,8.9,11.9,16.5,,1.1,2.3,3.4,.113,,-1.3,1.7,0.4,0.9
489,Jonas Valančiūnas\valanjo01,C,28,MEM,55,1537,23.9,.624,.083,.271,15.1,31.9,23.4,10.2,1.0,2.5,10.9,22.9,,4.2,2.3,6.5,.203,,2.8,-0.6,2.2,1.6
490,Denzel Valentine\valende01,SG,27,CHI,57,979,10.1,.482,.585,.038,2.8,18.7,10.8,13.4,1.5,0.5,9.4,19.4,,-0.4,1.0,0.6,.027,,-2.2,-0.8,-3.0,-0.3
491,Jarred Vanderbilt\vandeja01,PF,21,MIN,57,977,15.9,.607,.020,.482,10.8,24.5,17.4,10.3,2.5,3.7,17.7,12.6,,1.2,1.2,2.5,.122,,-1.9,1.0,-0.9,0.3
492,Fred VanVleet\vanvlfr01,SG,26,TOR,50,1813,16.9,.538,.548,.224,1.8,11.4,6.4,26.3,2.2,2.0,9.2,23.7,,2.5,1.8,4.3,.113,,2.3,-0.1,2.2,1.9
493,Devin Vassell\vassede01,SF,20,SAS,53,853,10.5,.523,.513,.171,2.3,15.0,8.6,7.2,2.2,1.5,6.7,13.8,,0.3,1.1,1.3,.076,,-2.5,1.0,-1.6,0.1
494,Gabe Vincent\vincega01,PG,24,MIA,46,602,6.5,.477,.638,.108,1.9,7.2,4.6,13.6,1.6,0.3,11.9,19.0,,-0.6,0.5,-0.1,-0.004,,-5.2,-1.2,-6.4,-0.7
495,Noah Vonleh\vonleno01,PF,25,BRK,4,11,-19.0,.000,.667,.000,0.0,9.7,5.0,10.2,0.0,0.0,40.0,19.7,,-0.1,0.0,-0.1,-0.487,,-20.9,-8.9,-29.9,-0.1
496,Nikola Vučević\vucevni01,C,30,TOT,64,2150,23.4,.569,.313,.119,6.3,30.6,18.2,21.0,1.4,1.8,8.0,29.3,,3.4,2.8,6.2,.138,,5.3,0.2,5.5,4.1
496,Nikola Vučević\vucevni01,C,30,ORL,44,1500,23.6,.565,.317,.121,5.8,31.0,18.0,22.0,1.4,1.7,8.0,30.0,,2.2,1.9,4.1,.130,,5.5,0.1,5.6,2.9
496,Nikola Vučević\vucevni01,C,30,CHI,20,650,23.1,.579,.303,.115,7.3,29.7,18.6,18.6,1.4,2.1,7.9,27.8,,1.2,0.9,2.1,.155,,4.8,0.4,5.2,1.2
497,Dean Wade\wadede01,PF,24,CLE,55,957,11.4,.568,.690,.093,3.4,16.8,9.9,9.5,1.3,1.8,7.5,12.7,,0.9,0.8,1.7,.085,,-0.8,-0.2,-1.0,0.2
498,Moritz Wagner\wagnemo01,C,23,TOT,37,506,13.1,.582,.360,.398,3.8,18.7,11.2,10.9,2.0,2.2,14.1,18.3,,0.4,0.6,1.0,.094,,-2.4,0.7,-1.7,0.0
498,Moritz Wagner\wagnemo01,C,23,WAS,25,375,15.5,.614,.344,.426,3.7,16.9,10.3,11.9,2.7,1.8,12.7,18.4,,0.5,0.5,1.1,.135,,-1.1,0.9,-0.2,0.2
498,Moritz Wagner\wagnemo01,C,23,BOS,9,61,-1.0,.370,.429,.143,5.5,29.4,17.4,12.4,0.0,1.5,37.7,16.8,,-0.2,0.1,-0.2,-0.146,,-10.8,-0.7,-11.5,-0.1
498,Moritz Wagner\wagnemo01,C,23,ORL,3,70,12.5,.527,.400,.400,2.9,18.6,10.4,4.3,0.0,5.3,3.3,18.8,,0.1,0.1,0.1,.085,,-2.5,0.8,-1.7,0.0
499,Kemba Walker\walkeke02,PG,30,BOS,39,1227,16.7,.546,.529,.204,1.2,12.9,7.0,24.1,1.7,0.8,10.9,25.6,,1.6,1.0,2.6,.103,,2.0,-0.6,1.4,1.1
500,Lonnie Walker\walkelo01,SG,22,SAS,51,1286,10.1,.531,.456,.133,0.9,9.9,5.3,9.3,0.9,1.0,9.4,20.3,,-0.3,0.9,0.6,.022,,-2.1,-1.6,-3.7,-0.6
501,John Wall\walljo01,PG,30,HOU,40,1288,15.6,.503,.343,.291,1.3,9.6,5.3,36.7,1.5,2.2,14.7,31.7,,-0.9,0.9,0.0,-0.002,,1.4,-1.6,-0.2,0.6
502,Brad Wanamaker\wanambr01,PG,31,TOT,57,958,9.0,.478,.299,.310,1.6,8.9,5.3,22.7,1.9,1.1,17.3,17.3,,-0.4,0.9,0.5,.025,,-4.8,-0.3,-5.1,-0.8
502,Brad Wanamaker\wanambr01,PG,31,GSW,39,625,8.6,.468,.353,.324,1.4,9.8,5.6,20.9,2.0,0.9,15.8,16.0,,-0.2,0.7,0.4,.032,,-4.7,0.3,-4.4,-0.4
502,Brad Wanamaker\wanambr01,PG,31,CHO,18,333,9.7,.493,.213,.287,1.9,7.3,4.6,25.9,1.9,1.5,19.8,19.7,,-0.2,0.3,0.1,.011,,-5.2,-1.3,-6.4,-0.4
503,T.J. Warren\warretj01,SF,27,IND,4,117,11.7,.560,.137,.196,1.9,11.1,6.5,6.6,0.8,0.0,6.7,21.7,,0.1,0.1,0.1,.047,,-3.0,-2.5,-5.5,-0.1
504,P.J. Washington\washipj01,PF,22,CHO,57,1710,13.5,.559,.408,.224,5.0,17.9,11.4,12.5,1.6,4.3,15.2,19.4,,0.4,2.0,2.4,.069,,-1.3,0.3,-1.1,0.4
505,Yuta Watanabe\watanyu01,SF,26,TOR,46,637,12.7,.582,.494,.175,5.9,19.2,12.4,7.7,1.7,3.0,9.3,12.4,,0.8,0.7,1.5,.114,,-1.0,0.4,-0.6,0.2
506,Tremont Waters\watertr01,PG,23,BOS,21,159,14.5,.535,.449,.286,2.1,6.4,4.2,38.4,4.0,0.0,25.6,20.1,,0.1,0.2,0.3,.084,,-0.4,0.6,0.2,0.1
507,Paul Watson\watsopa01,SF,26,TOR,27,297,10.9,.649,.780,.098,1.4,15.7,8.3,8.2,1.0,1.0,9.5,13.8,,0.4,0.2,0.6,.098,,-0.7,-0.7,-1.4,0.0
508,Quinndary Weatherspoon\weathqu01,SG,24,SAS,17,76,4.5,.487,.125,.500,2.8,5.7,4.2,8.5,3.8,2.2,31.6,16.4,,-0.2,0.1,-0.1,-0.050,,-8.9,1.0,-7.9,-0.1
509,Russell Westbrook\westbru01,PG,32,WAS,57,2042,18.7,.505,.212,.328,5.0,28.0,16.5,47.2,1.7,0.8,18.4,30.9,,-0.3,2.7,2.4,.057,,2.0,0.5,2.5,2.3
510,Coby White\whiteco01,PG,20,CHI,61,1888,11.7,.534,.483,.170,1.4,13.1,7.3,21.4,0.9,0.6,13.9,22.5,,0.4,1.3,1.7,.044,,-1.5,-1.5,-3.0,-0.5
511,Derrick White\whitede01,SG,26,SAS,36,1064,15.0,.550,.536,.252,1.3,9.5,5.3,17.5,1.2,2.9,8.2,22.5,,1.0,1.0,2.0,.091,,1.1,0.0,1.1,0.8
512,Hassan Whiteside\whiteha01,C,31,SAC,36,546,19.3,.566,.004,.353,12.3,32.0,22.0,5.6,0.8,7.1,13.4,23.6,,0.3,0.6,0.9,.076,,-1.8,-0.6,-2.5,-0.1
513,Greg Whittington\whittgr01,PF,27,DEN,4,12,-10.2,.000,.667,.000,0.0,0.0,0.0,0.0,0.0,0.0,0.0,10.9,,-0.1,0.0,-0.1,-0.259,,-11.4,-6.1,-17.5,0.0
514,Andrew Wiggins\wiggian01,PF,25,GSW,64,2118,14.6,.565,.355,.240,3.5,11.8,7.7,11.1,1.4,2.7,10.2,23.0,,0.8,2.3,3.2,.072,,-0.2,-0.6,-0.8,0.7
515,Grant Williams\willigr01,PF,22,BOS,56,1014,7.1,.541,.550,.191,4.7,12.3,8.5,6.9,1.4,1.9,17.8,11.7,,0.0,0.9,0.9,.043,,-4.1,-0.1,-4.2,-0.6
516,Kenrich Williams\willike04,PF,26,OKC,64,1373,13.6,.594,.282,.163,6.2,14.0,10.1,15.9,1.7,1.0,14.8,15.1,,1.5,1.2,2.7,.094,,-1.2,0.6,-0.7,0.5
517,Lou Williams\willilo02,PG,34,TOT,59,1314,14.3,.520,.270,.277,1.7,8.6,5.2,22.7,1.8,0.4,12.6,25.8,,0.6,1.0,1.6,.059,,-1.0,-1.7,-2.7,-0.2
517,Lou Williams\willilo02,PG,34,LAC,42,918,15.8,.529,.277,.277,1.9,8.7,5.4,23.2,2.1,0.4,12.0,26.4,,0.7,0.9,1.6,.083,,-0.5,-1.4,-1.9,0.0
517,Lou Williams\willilo02,PG,34,ATL,17,396,10.9,.498,.254,.278,1.4,8.2,4.8,21.6,1.0,0.4,14.0,24.3,,-0.1,0.2,0.0,.004,,-2.1,-2.5,-4.6,-0.2
518,Patrick Williams\willipa01,PF,19,CHI,63,1776,10.1,.558,.263,.227,3.4,14.5,9.0,6.6,1.5,2.0,14.2,14.8,,0.1,1.8,1.9,.052,,-2.8,-0.1,-2.9,-0.4
519,Robert Williams\williro04,C,23,BOS,50,953,25.9,.717,.008,.283,15.1,25.9,20.5,14.3,2.2,8.8,15.3,15.0,,3.3,1.9,5.2,.260,,3.0,3.2,6.2,2.0
520,Zion Williamson\willizi01,PF,20,NOP,59,1952,27.4,.652,.032,.512,8.9,14.7,11.8,19.7,1.3,1.8,11.4,29.8,,7.2,1.4,8.6,.212,,5.8,-0.4,5.4,3.7
521,D.J. Wilson\wilsodj01,PF,24,TOT,35,433,11.6,.511,.518,.149,4.8,23.1,13.7,8.0,1.2,3.3,10.9,19.7,,-0.2,0.5,0.3,.038,,-2.8,-0.7,-3.5,-0.2
521,D.J. Wilson\wilsodj01,PF,24,MIL,12,105,8.5,.490,.651,.047,3.1,21.2,12.5,3.7,0.4,3.4,8.4,19.2,,-0.1,0.1,0.1,.025,,-3.3,-2.1,-5.4,-0.1
521,D.J. Wilson\wilsodj01,PF,24,HOU,23,328,12.6,.518,.472,.184,5.3,23.7,14.1,9.4,1.4,3.3,11.8,19.9,,-0.1,0.4,0.3,.042,,-2.6,-0.2,-2.8,-0.1
522,Dylan Windler\windldy01,SF,24,CLE,31,513,10.8,.567,.592,.208,4.3,19.6,11.7,9.3,1.8,2.1,18.4,14.8,,0.0,0.5,0.5,.049,,-1.8,0.1,-1.7,0.0
523,Justise Winslow\winslju01,SF,24,MEM,24,464,5.3,.375,.251,.152,3.6,20.2,11.8,12.7,1.5,2.4,14.3,21.6,,-1.4,0.6,-0.8,-0.083,,-6.8,0.0,-6.8,-0.6
524,Cassius Winston\winstca01,PG,22,WAS,20,97,11.0,.575,.515,.182,0.0,9.8,4.9,16.7,1.0,0.9,12.3,17.4,,0.1,0.1,0.1,.068,,-1.7,-1.2,-2.9,0.0
525,James Wiseman\wisemja01,C,19,GSW,39,836,13.1,.552,.103,.234,7.0,21.6,14.4,5.0,0.6,3.8,12.9,23.8,,-0.4,1.1,0.7,.039,,-4.0,-1.4,-5.4,-0.7
526,Christian Wood\woodch01,C,25,HOU,41,1326,20.2,.591,.322,.309,5.8,26.7,15.8,9.5,1.2,3.3,9.9,25.9,,1.4,1.5,3.0,.108,,1.9,-0.5,1.4,1.2
527,Robert Woodard\woodaro01,SF,21,SAC,11,29,18.4,.514,.286,.571,11.4,31.3,21.2,0.0,0.0,5.8,5.4,27.5,,0.0,0.0,0.0,.032,,0.2,-3.3,-3.2,0.0
528,Delon Wright\wrighde01,SG-PG,28,TOT,55,1475,15.9,.560,.316,.290,3.9,13.0,8.4,22.7,2.7,1.4,12.2,15.9,,2.2,1.4,3.6,.117,,0.6,1.3,1.9,1.4
528,Delon Wright\wrighde01,SG,28,DET,36,1052,16.5,.562,.304,.307,3.9,13.6,8.7,25.8,2.7,1.6,12.6,15.8,,1.7,1.3,3.0,.135,,1.1,1.8,2.8,1.3
528,Delon Wright\wrighde01,PG,28,SAC,19,423,14.3,.556,.344,.250,3.9,11.5,7.7,15.1,2.7,0.8,11.2,16.3,,0.5,0.2,0.7,.074,,-0.5,-0.1,-0.6,0.2
529,Thaddeus Young\youngth01,PF,32,CHI,60,1452,21.0,.594,.064,.160,11.4,16.9,14.2,27.6,2.3,2.0,16.1,21.8,,2.9,1.9,4.8,.158,,2.3,1.4,3.7,2.1
530,Trae Young\youngtr01,PG,22,ATL,56,1913,22.9,.589,.361,.501,2.0,10.2,6.2,45.6,1.3,0.5,16.3,33.0,,5.2,1.1,6.3,.158,,5.5,-1.7,3.8,2.8
531,Cody Zeller\zelleco01,C,28,CHO,40,819,18.1,.589,.099,.354,13.2,22.7,17.9,13.8,1.4,1.7,11.9,18.2,,1.8,0.9,2.7,.157,,-0.1,-0.1,-0.2,0.4
532,Ivica Zubac\zubaciv01,C,23,LAC,65,1461,19.2,.684,.008,.448,13.9,22.3,18.2,7.8,0.8,3.4,14.8,15.4,,4.3,1.9,6.2,.203,,0.6,-0.2,0.4,0.9